day;births
1994-01-01T00:00:00Z;8096
1994-01-02T00:00:00Z;7772
1994-01-03T00:00:00Z;10142
1994-01-04T00:00:00Z;11248
1994-01-05T00:00:00Z;11053
1994-01-06T00:00:00Z;11406
1994-01-07T00:00:00Z;11251
1994-01-08T00:00:00Z;8653
1994-01-09T00:00:00Z;7910
1994-01-10T00:00:00Z;10498
1994-01-11T00:00:00Z;11706
1994-01-12T00:00:00Z;11567
1994-01-13T00:00:00Z;11212
1994-01-14T00:00:00Z;11570
1994-01-15T00:00:00Z;8660
1994-01-16T00:00:00Z;8123
1994-01-17T00:00:00Z;10567
1994-01-18T00:00:00Z;11541
1994-01-19T00:00:00Z;11257
1994-01-20T00:00:00Z;11682
1994-01-21T00:00:00Z;11811
1994-01-22T00:00:00Z;8833
1994-01-23T00:00:00Z;8310
1994-01-24T00:00:00Z;11125
1994-01-25T00:00:00Z;11981
1994-01-26T00:00:00Z;11514
1994-01-27T00:00:00Z;11702
1994-01-28T00:00:00Z;11666
1994-01-29T00:00:00Z;8988
1994-01-30T00:00:00Z;8096
1994-01-31T00:00:00Z;10765
1994-02-01T00:00:00Z;11755
1994-02-02T00:00:00Z;11483
1994-02-03T00:00:00Z;11523
1994-02-04T00:00:00Z;11677
1994-02-05T00:00:00Z;8991
1994-02-06T00:00:00Z;8309
1994-02-07T00:00:00Z;10984
1994-02-08T00:00:00Z;12152
1994-02-09T00:00:00Z;11515
1994-02-10T00:00:00Z;11623
1994-02-11T00:00:00Z;11517
1994-02-12T00:00:00Z;8945
1994-02-13T00:00:00Z;8171
1994-02-14T00:00:00Z;11551
1994-02-15T00:00:00Z;12164
1994-02-16T00:00:00Z;12009
1994-02-17T00:00:00Z;11674
1994-02-18T00:00:00Z;11887
1994-02-19T00:00:00Z;8946
1994-02-20T00:00:00Z;8402
1994-02-21T00:00:00Z;10617
1994-02-22T00:00:00Z;11810
1994-02-23T00:00:00Z;11776
1994-02-24T00:00:00Z;11667
1994-02-25T00:00:00Z;11905
1994-02-26T00:00:00Z;8988
1994-02-27T00:00:00Z;8195
1994-02-28T00:00:00Z;11091
1994-03-01T00:00:00Z;12127
1994-03-02T00:00:00Z;11735
1994-03-03T00:00:00Z;11984
1994-03-04T00:00:00Z;12066
1994-03-05T00:00:00Z;9215
1994-03-06T00:00:00Z;8389
1994-03-07T00:00:00Z;10996
1994-03-08T00:00:00Z;12275
1994-03-09T00:00:00Z;11780
1994-03-10T00:00:00Z;11792
1994-03-11T00:00:00Z;11939
1994-03-12T00:00:00Z;9087
1994-03-13T00:00:00Z;8248
1994-03-14T00:00:00Z;11092
1994-03-15T00:00:00Z;12298
1994-03-16T00:00:00Z;11865
1994-03-17T00:00:00Z;11976
1994-03-18T00:00:00Z;11799
1994-03-19T00:00:00Z;8944
1994-03-20T00:00:00Z;8243
1994-03-21T00:00:00Z;11140
1994-03-22T00:00:00Z;11964
1994-03-23T00:00:00Z;11637
1994-03-24T00:00:00Z;11904
1994-03-25T00:00:00Z;11568
1994-03-26T00:00:00Z;8957
1994-03-27T00:00:00Z;8189
1994-03-28T00:00:00Z;11051
1994-03-29T00:00:00Z;12154
1994-03-30T00:00:00Z;11540
1994-03-31T00:00:00Z;11782
1994-04-01T00:00:00Z;10630
1994-04-02T00:00:00Z;8782
1994-04-03T00:00:00Z;7530
1994-04-04T00:00:00Z;10909
1994-04-05T00:00:00Z;11876
1994-04-06T00:00:00Z;11811
1994-04-07T00:00:00Z;11718
1994-04-08T00:00:00Z;11532
1994-04-09T00:00:00Z;8791
1994-04-10T00:00:00Z;8183
1994-04-11T00:00:00Z;11060
1994-04-12T00:00:00Z;12146
1994-04-13T00:00:00Z;11428
1994-04-14T00:00:00Z;11709
1994-04-15T00:00:00Z;11753
1994-04-16T00:00:00Z;8790
1994-04-17T00:00:00Z;7867
1994-04-18T00:00:00Z;11094
1994-04-19T00:00:00Z;11966
1994-04-20T00:00:00Z;11585
1994-04-21T00:00:00Z;11509
1994-04-22T00:00:00Z;11553
1994-04-23T00:00:00Z;8613
1994-04-24T00:00:00Z;8089
1994-04-25T00:00:00Z;10909
1994-04-26T00:00:00Z;12236
1994-04-27T00:00:00Z;11701
1994-04-28T00:00:00Z;11527
1994-04-29T00:00:00Z;11474
1994-04-30T00:00:00Z;8621
1994-05-01T00:00:00Z;8145
1994-05-02T00:00:00Z;11169
1994-05-03T00:00:00Z;12023
1994-05-04T00:00:00Z;11754
1994-05-05T00:00:00Z;11958
1994-05-06T00:00:00Z;11904
1994-05-07T00:00:00Z;8641
1994-05-08T00:00:00Z;8203
1994-05-09T00:00:00Z;10914
1994-05-10T00:00:00Z;11771
1994-05-11T00:00:00Z;11278
1994-05-12T00:00:00Z;11822
1994-05-13T00:00:00Z;11085
1994-05-14T00:00:00Z;8830
1994-05-15T00:00:00Z;8253
1994-05-16T00:00:00Z;11103
1994-05-17T00:00:00Z;12289
1994-05-18T00:00:00Z;11668
1994-05-19T00:00:00Z;11411
1994-05-20T00:00:00Z;11645
1994-05-21T00:00:00Z;8830
1994-05-22T00:00:00Z;8449
1994-05-23T00:00:00Z;11434
1994-05-24T00:00:00Z;12562
1994-05-25T00:00:00Z;12005
1994-05-26T00:00:00Z;11979
1994-05-27T00:00:00Z;12132
1994-05-28T00:00:00Z;8840
1994-05-29T00:00:00Z;8205
1994-05-30T00:00:00Z;8468
1994-05-31T00:00:00Z;11525
1994-06-01T00:00:00Z;12349
1994-06-02T00:00:00Z;12166
1994-06-03T00:00:00Z;11799
1994-06-04T00:00:00Z;9182
1994-06-05T00:00:00Z;8289
1994-06-06T00:00:00Z;11130
1994-06-07T00:00:00Z;12145
1994-06-08T00:00:00Z;11784
1994-06-09T00:00:00Z;11648
1994-06-10T00:00:00Z;12006
1994-06-11T00:00:00Z;8618
1994-06-12T00:00:00Z;8171
1994-06-13T00:00:00Z;10692
1994-06-14T00:00:00Z;12074
1994-06-15T00:00:00Z;11954
1994-06-16T00:00:00Z;11852
1994-06-17T00:00:00Z;11744
1994-06-18T00:00:00Z;8907
1994-06-19T00:00:00Z;8302
1994-06-20T00:00:00Z;11337
1994-06-21T00:00:00Z;12182
1994-06-22T00:00:00Z;12213
1994-06-23T00:00:00Z;11939
1994-06-24T00:00:00Z;11979
1994-06-25T00:00:00Z;9047
1994-06-26T00:00:00Z;8306
1994-06-27T00:00:00Z;11309
1994-06-28T00:00:00Z;12211
1994-06-29T00:00:00Z;12245
1994-06-30T00:00:00Z;12157
1994-07-01T00:00:00Z;12454
1994-07-02T00:00:00Z;9268
1994-07-03T00:00:00Z;8298
1994-07-04T00:00:00Z;8564
1994-07-05T00:00:00Z;11609
1994-07-06T00:00:00Z;13086
1994-07-07T00:00:00Z;13049
1994-07-08T00:00:00Z;12623
1994-07-09T00:00:00Z;9325
1994-07-10T00:00:00Z;8684
1994-07-11T00:00:00Z;11567
1994-07-12T00:00:00Z;12507
1994-07-13T00:00:00Z;12134
1994-07-14T00:00:00Z;12485
1994-07-15T00:00:00Z;12691
1994-07-16T00:00:00Z;9547
1994-07-17T00:00:00Z;8848
1994-07-18T00:00:00Z;11561
1994-07-19T00:00:00Z;12583
1994-07-20T00:00:00Z;12378
1994-07-21T00:00:00Z;12447
1994-07-22T00:00:00Z;12486
1994-07-23T00:00:00Z;9463
1994-07-24T00:00:00Z;8734
1994-07-25T00:00:00Z;11757
1994-07-26T00:00:00Z;12591
1994-07-27T00:00:00Z;12423
1994-07-28T00:00:00Z;12539
1994-07-29T00:00:00Z;12231
1994-07-30T00:00:00Z;9340
1994-07-31T00:00:00Z;8590
1994-08-01T00:00:00Z;11428
1994-08-02T00:00:00Z;12622
1994-08-03T00:00:00Z;12147
1994-08-04T00:00:00Z;12601
1994-08-05T00:00:00Z;12251
1994-08-06T00:00:00Z;9336
1994-08-07T00:00:00Z;8517
1994-08-08T00:00:00Z;11528
1994-08-09T00:00:00Z;12643
1994-08-10T00:00:00Z;12525
1994-08-11T00:00:00Z;12147
1994-08-12T00:00:00Z;12479
1994-08-13T00:00:00Z;9474
1994-08-14T00:00:00Z;8926
1994-08-15T00:00:00Z;11391
1994-08-16T00:00:00Z;12605
1994-08-17T00:00:00Z;12344
1994-08-18T00:00:00Z;12313
1994-08-19T00:00:00Z;12227
1994-08-20T00:00:00Z;9646
1994-08-21T00:00:00Z;8663
1994-08-22T00:00:00Z;11489
1994-08-23T00:00:00Z;12284
1994-08-24T00:00:00Z;12176
1994-08-25T00:00:00Z;12076
1994-08-26T00:00:00Z;12122
1994-08-27T00:00:00Z;9171
1994-08-28T00:00:00Z;8779
1994-08-29T00:00:00Z;11560
1994-08-30T00:00:00Z;12431
1994-08-31T00:00:00Z;12272
1994-09-01T00:00:00Z;12183
1994-09-02T00:00:00Z;12099
1994-09-03T00:00:00Z;9042
1994-09-04T00:00:00Z;8420
1994-09-05T00:00:00Z;8378
1994-09-06T00:00:00Z;11448
1994-09-07T00:00:00Z;12660
1994-09-08T00:00:00Z;12693
1994-09-09T00:00:00Z;12811
1994-09-10T00:00:00Z;9424
1994-09-11T00:00:00Z;8373
1994-09-12T00:00:00Z;11500
1994-09-13T00:00:00Z;12560
1994-09-14T00:00:00Z;12566
1994-09-15T00:00:00Z;12655
1994-09-16T00:00:00Z;12884
1994-09-17T00:00:00Z;9779
1994-09-18T00:00:00Z;8603
1994-09-19T00:00:00Z;11659
1994-09-20T00:00:00Z;12584
1994-09-21T00:00:00Z;12468
1994-09-22T00:00:00Z;12590
1994-09-23T00:00:00Z;12522
1994-09-24T00:00:00Z;9597
1994-09-25T00:00:00Z;8754
1994-09-26T00:00:00Z;11597
1994-09-27T00:00:00Z;12591
1994-09-28T00:00:00Z;12405
1994-09-29T00:00:00Z;12288
1994-09-30T00:00:00Z;12090
1994-10-01T00:00:00Z;9351
1994-10-02T00:00:00Z;8477
1994-10-03T00:00:00Z;11437
1994-10-04T00:00:00Z;12378
1994-10-05T00:00:00Z;12061
1994-10-06T00:00:00Z;12017
1994-10-07T00:00:00Z;12050
1994-10-08T00:00:00Z;8981
1994-10-09T00:00:00Z;8038
1994-10-10T00:00:00Z;11110
1994-10-11T00:00:00Z;12236
1994-10-12T00:00:00Z;11846
1994-10-13T00:00:00Z;11398
1994-10-14T00:00:00Z;11959
1994-10-15T00:00:00Z;9077
1994-10-16T00:00:00Z;8022
1994-10-17T00:00:00Z;11127
1994-10-18T00:00:00Z;11888
1994-10-19T00:00:00Z;11533
1994-10-20T00:00:00Z;11876
1994-10-21T00:00:00Z;11562
1994-10-22T00:00:00Z;9086
1994-10-23T00:00:00Z;7914
1994-10-24T00:00:00Z;11068
1994-10-25T00:00:00Z;12019
1994-10-26T00:00:00Z;11683
1994-10-27T00:00:00Z;11420
1994-10-28T00:00:00Z;11608
1994-10-29T00:00:00Z;8855
1994-10-30T00:00:00Z;8262
1994-10-31T00:00:00Z;9833
1994-11-01T00:00:00Z;12316
1994-11-02T00:00:00Z;11736
1994-11-03T00:00:00Z;11703
1994-11-04T00:00:00Z;11956
1994-11-05T00:00:00Z;8826
1994-11-06T00:00:00Z;8100
1994-11-07T00:00:00Z;11283
1994-11-08T00:00:00Z;11999
1994-11-09T00:00:00Z;11811
1994-11-10T00:00:00Z;11728
1994-11-11T00:00:00Z;11533
1994-11-12T00:00:00Z;8672
1994-11-13T00:00:00Z;8093
1994-11-14T00:00:00Z;11044
1994-11-15T00:00:00Z;11985
1994-11-16T00:00:00Z;11634
1994-11-17T00:00:00Z;11703
1994-11-18T00:00:00Z;11826
1994-11-19T00:00:00Z;8771
1994-11-20T00:00:00Z;8133
1994-11-21T00:00:00Z;11807
1994-11-22T00:00:00Z;12764
1994-11-23T00:00:00Z;11332
1994-11-24T00:00:00Z;8036
1994-11-25T00:00:00Z;9419
1994-11-26T00:00:00Z;8427
1994-11-27T00:00:00Z;7937
1994-11-28T00:00:00Z;11003
1994-11-29T00:00:00Z;12177
1994-11-30T00:00:00Z;11643
1994-12-01T00:00:00Z;11681
1994-12-02T00:00:00Z;11379
1994-12-03T00:00:00Z;8585
1994-12-04T00:00:00Z;7980
1994-12-05T00:00:00Z;10772
1994-12-06T00:00:00Z;11923
1994-12-07T00:00:00Z;11335
1994-12-08T00:00:00Z;11337
1994-12-09T00:00:00Z;11205
1994-12-10T00:00:00Z;8461
1994-12-11T00:00:00Z;7936
1994-12-12T00:00:00Z;11106
1994-12-13T00:00:00Z;11884
1994-12-14T00:00:00Z;11716
1994-12-15T00:00:00Z;11962
1994-12-16T00:00:00Z;12144
1994-12-17T00:00:00Z;8726
1994-12-18T00:00:00Z;8130
1994-12-19T00:00:00Z;11502
1994-12-20T00:00:00Z;12880
1994-12-21T00:00:00Z;12391
1994-12-22T00:00:00Z;11504
1994-12-23T00:00:00Z;10087
1994-12-24T00:00:00Z;7898
1994-12-25T00:00:00Z;7192
1994-12-26T00:00:00Z;8454
1994-12-27T00:00:00Z;11131
1994-12-28T00:00:00Z;12398
1994-12-29T00:00:00Z;12189
1994-12-30T00:00:00Z;12051
1994-12-31T00:00:00Z;8809
1995-01-01T00:00:00Z;7828
1995-01-02T00:00:00Z;7883
1995-01-03T00:00:00Z;9999
1995-01-04T00:00:00Z;11315
1995-01-05T00:00:00Z;11243
1995-01-06T00:00:00Z;11506
1995-01-07T00:00:00Z;8681
1995-01-08T00:00:00Z;7821
1995-01-09T00:00:00Z;10434
1995-01-10T00:00:00Z;11665
1995-01-11T00:00:00Z;11279
1995-01-12T00:00:00Z;11416
1995-01-13T00:00:00Z;11071
1995-01-14T00:00:00Z;8887
1995-01-15T00:00:00Z;7988
1995-01-16T00:00:00Z;10417
1995-01-17T00:00:00Z;11345
1995-01-18T00:00:00Z;11252
1995-01-19T00:00:00Z;11331
1995-01-20T00:00:00Z;11481
1995-01-21T00:00:00Z;8746
1995-01-22T00:00:00Z;7956
1995-01-23T00:00:00Z;10640
1995-01-24T00:00:00Z;11344
1995-01-25T00:00:00Z;11096
1995-01-26T00:00:00Z;11380
1995-01-27T00:00:00Z;11340
1995-01-28T00:00:00Z;8781
1995-01-29T00:00:00Z;8009
1995-01-30T00:00:00Z;10515
1995-01-31T00:00:00Z;11364
1995-02-01T00:00:00Z;11279
1995-02-02T00:00:00Z;11490
1995-02-03T00:00:00Z;11264
1995-02-04T00:00:00Z;8769
1995-02-05T00:00:00Z;8017
1995-02-06T00:00:00Z;10587
1995-02-07T00:00:00Z;11483
1995-02-08T00:00:00Z;11205
1995-02-09T00:00:00Z;11282
1995-02-10T00:00:00Z;11615
1995-02-11T00:00:00Z;8949
1995-02-12T00:00:00Z;8007
1995-02-13T00:00:00Z;10351
1995-02-14T00:00:00Z;12454
1995-02-15T00:00:00Z;11828
1995-02-16T00:00:00Z;11657
1995-02-17T00:00:00Z;11625
1995-02-18T00:00:00Z;8788
1995-02-19T00:00:00Z;8038
1995-02-20T00:00:00Z;10258
1995-02-21T00:00:00Z;11582
1995-02-22T00:00:00Z;11716
1995-02-23T00:00:00Z;11786
1995-02-24T00:00:00Z;11671
1995-02-25T00:00:00Z;8829
1995-02-26T00:00:00Z;8183
1995-02-27T00:00:00Z;10702
1995-02-28T00:00:00Z;11679
1995-03-01T00:00:00Z;11540
1995-03-02T00:00:00Z;11377
1995-03-03T00:00:00Z;11649
1995-03-04T00:00:00Z;8807
1995-03-05T00:00:00Z;7984
1995-03-06T00:00:00Z;10810
1995-03-07T00:00:00Z;12115
1995-03-08T00:00:00Z;11618
1995-03-09T00:00:00Z;11380
1995-03-10T00:00:00Z;11827
1995-03-11T00:00:00Z;8744
1995-03-12T00:00:00Z;7859
1995-03-13T00:00:00Z;10609
1995-03-14T00:00:00Z;11750
1995-03-15T00:00:00Z;11736
1995-03-16T00:00:00Z;11751
1995-03-17T00:00:00Z;11953
1995-03-18T00:00:00Z;8538
1995-03-19T00:00:00Z;7787
1995-03-20T00:00:00Z;10588
1995-03-21T00:00:00Z;11837
1995-03-22T00:00:00Z;11485
1995-03-23T00:00:00Z;11435
1995-03-24T00:00:00Z;11329
1995-03-25T00:00:00Z;8628
1995-03-26T00:00:00Z;7614
1995-03-27T00:00:00Z;10541
1995-03-28T00:00:00Z;11563
1995-03-29T00:00:00Z;11125
1995-03-30T00:00:00Z;11205
1995-03-31T00:00:00Z;11319
1995-04-01T00:00:00Z;8398
1995-04-02T00:00:00Z;7547
1995-04-03T00:00:00Z;10651
1995-04-04T00:00:00Z;11960
1995-04-05T00:00:00Z;11475
1995-04-06T00:00:00Z;11429
1995-04-07T00:00:00Z;11587
1995-04-08T00:00:00Z;8588
1995-04-09T00:00:00Z;7839
1995-04-10T00:00:00Z;10930
1995-04-11T00:00:00Z;11939
1995-04-12T00:00:00Z;11750
1995-04-13T00:00:00Z;11411
1995-04-14T00:00:00Z;10687
1995-04-15T00:00:00Z;8492
1995-04-16T00:00:00Z;7503
1995-04-17T00:00:00Z;10640
1995-04-18T00:00:00Z;11652
1995-04-19T00:00:00Z;11680
1995-04-20T00:00:00Z;11504
1995-04-21T00:00:00Z;11445
1995-04-22T00:00:00Z;8560
1995-04-23T00:00:00Z;7749
1995-04-24T00:00:00Z;11014
1995-04-25T00:00:00Z;11811
1995-04-26T00:00:00Z;11551
1995-04-27T00:00:00Z;11601
1995-04-28T00:00:00Z;11457
1995-04-29T00:00:00Z;8492
1995-04-30T00:00:00Z;7777
1995-05-01T00:00:00Z;11090
1995-05-02T00:00:00Z;12119
1995-05-03T00:00:00Z;11502
1995-05-04T00:00:00Z;11800
1995-05-05T00:00:00Z;11718
1995-05-06T00:00:00Z;8565
1995-05-07T00:00:00Z;7965
1995-05-08T00:00:00Z;10790
1995-05-09T00:00:00Z;11728
1995-05-10T00:00:00Z;11723
1995-05-11T00:00:00Z;11723
1995-05-12T00:00:00Z;11625
1995-05-13T00:00:00Z;8802
1995-05-14T00:00:00Z;8165
1995-05-15T00:00:00Z;11143
1995-05-16T00:00:00Z;12101
1995-05-17T00:00:00Z;12085
1995-05-18T00:00:00Z;11872
1995-05-19T00:00:00Z;11692
1995-05-20T00:00:00Z;8721
1995-05-21T00:00:00Z;8096
1995-05-22T00:00:00Z;11250
1995-05-23T00:00:00Z;12539
1995-05-24T00:00:00Z;12193
1995-05-25T00:00:00Z;12285
1995-05-26T00:00:00Z;12246
1995-05-27T00:00:00Z;8795
1995-05-28T00:00:00Z;8167
1995-05-29T00:00:00Z;8379
1995-05-30T00:00:00Z;11271
1995-05-31T00:00:00Z;12393
1995-06-01T00:00:00Z;12243
1995-06-02T00:00:00Z;11991
1995-06-03T00:00:00Z;9069
1995-06-04T00:00:00Z;8059
1995-06-05T00:00:00Z;11152
1995-06-06T00:00:00Z;12119
1995-06-07T00:00:00Z;11774
1995-06-08T00:00:00Z;12031
1995-06-09T00:00:00Z;11645
1995-06-10T00:00:00Z;8719
1995-06-11T00:00:00Z;8149
1995-06-12T00:00:00Z;11169
1995-06-13T00:00:00Z;11790
1995-06-14T00:00:00Z;11958
1995-06-15T00:00:00Z;11906
1995-06-16T00:00:00Z;11856
1995-06-17T00:00:00Z;8821
1995-06-18T00:00:00Z;8203
1995-06-19T00:00:00Z;11223
1995-06-20T00:00:00Z;12395
1995-06-21T00:00:00Z;12049
1995-06-22T00:00:00Z;11799
1995-06-23T00:00:00Z;11942
1995-06-24T00:00:00Z;9065
1995-06-25T00:00:00Z;8279
1995-06-26T00:00:00Z;11127
1995-06-27T00:00:00Z;12349
1995-06-28T00:00:00Z;12162
1995-06-29T00:00:00Z;12423
1995-06-30T00:00:00Z;12338
1995-07-01T00:00:00Z;9283
1995-07-02T00:00:00Z;8256
1995-07-03T00:00:00Z;10623
1995-07-04T00:00:00Z;9374
1995-07-05T00:00:00Z;11399
1995-07-06T00:00:00Z;12855
1995-07-07T00:00:00Z;12954
1995-07-08T00:00:00Z;9438
1995-07-09T00:00:00Z;8506
1995-07-10T00:00:00Z;11618
1995-07-11T00:00:00Z;12552
1995-07-12T00:00:00Z;12167
1995-07-13T00:00:00Z;12253
1995-07-14T00:00:00Z;12659
1995-07-15T00:00:00Z;9391
1995-07-16T00:00:00Z;8516
1995-07-17T00:00:00Z;11461
1995-07-18T00:00:00Z;12495
1995-07-19T00:00:00Z;12129
1995-07-20T00:00:00Z;12598
1995-07-21T00:00:00Z;12428
1995-07-22T00:00:00Z;9328
1995-07-23T00:00:00Z;8483
1995-07-24T00:00:00Z;11501
1995-07-25T00:00:00Z;12580
1995-07-26T00:00:00Z;12316
1995-07-27T00:00:00Z;12309
1995-07-28T00:00:00Z;12442
1995-07-29T00:00:00Z;9277
1995-07-30T00:00:00Z;8384
1995-07-31T00:00:00Z;11298
1995-08-01T00:00:00Z;12442
1995-08-02T00:00:00Z;12249
1995-08-03T00:00:00Z;12193
1995-08-04T00:00:00Z;12186
1995-08-05T00:00:00Z;9267
1995-08-06T00:00:00Z;8346
1995-08-07T00:00:00Z;11223
1995-08-08T00:00:00Z;12441
1995-08-09T00:00:00Z;12217
1995-08-10T00:00:00Z;12243
1995-08-11T00:00:00Z;12154
1995-08-12T00:00:00Z;9153
1995-08-13T00:00:00Z;8421
1995-08-14T00:00:00Z;11297
1995-08-15T00:00:00Z;12760
1995-08-16T00:00:00Z;12244
1995-08-17T00:00:00Z;12345
1995-08-18T00:00:00Z;12362
1995-08-19T00:00:00Z;9265
1995-08-20T00:00:00Z;8434
1995-08-21T00:00:00Z;11436
1995-08-22T00:00:00Z;12612
1995-08-23T00:00:00Z;12083
1995-08-24T00:00:00Z;12381
1995-08-25T00:00:00Z;12208
1995-08-26T00:00:00Z;9155
1995-08-27T00:00:00Z;8509
1995-08-28T00:00:00Z;11473
1995-08-29T00:00:00Z;12522
1995-08-30T00:00:00Z;12631
1995-08-31T00:00:00Z;12485
1995-09-01T00:00:00Z;12439
1995-09-02T00:00:00Z;9079
1995-09-03T00:00:00Z;8438
1995-09-04T00:00:00Z;8441
1995-09-05T00:00:00Z;11682
1995-09-06T00:00:00Z;12951
1995-09-07T00:00:00Z;12924
1995-09-08T00:00:00Z;12939
1995-09-09T00:00:00Z;9714
1995-09-10T00:00:00Z;8568
1995-09-11T00:00:00Z;11480
1995-09-12T00:00:00Z;12583
1995-09-13T00:00:00Z;12173
1995-09-14T00:00:00Z;12789
1995-09-15T00:00:00Z;13023
1995-09-16T00:00:00Z;9535
1995-09-17T00:00:00Z;8757
1995-09-18T00:00:00Z;11729
1995-09-19T00:00:00Z;12692
1995-09-20T00:00:00Z;12571
1995-09-21T00:00:00Z;12663
1995-09-22T00:00:00Z;12813
1995-09-23T00:00:00Z;9341
1995-09-24T00:00:00Z;8659
1995-09-25T00:00:00Z;11552
1995-09-26T00:00:00Z;12814
1995-09-27T00:00:00Z;12605
1995-09-28T00:00:00Z;12845
1995-09-29T00:00:00Z;12316
1995-09-30T00:00:00Z;8988
1995-10-01T00:00:00Z;8545
1995-10-02T00:00:00Z;11650
1995-10-03T00:00:00Z;12375
1995-10-04T00:00:00Z;12016
1995-10-05T00:00:00Z;12245
1995-10-06T00:00:00Z;12081
1995-10-07T00:00:00Z;9048
1995-10-08T00:00:00Z;7997
1995-10-09T00:00:00Z;10892
1995-10-10T00:00:00Z;12273
1995-10-11T00:00:00Z;11843
1995-10-12T00:00:00Z;12002
1995-10-13T00:00:00Z;11078
1995-10-14T00:00:00Z;8920
1995-10-15T00:00:00Z;7996
1995-10-16T00:00:00Z;10840
1995-10-17T00:00:00Z;11974
1995-10-18T00:00:00Z;11693
1995-10-19T00:00:00Z;11463
1995-10-20T00:00:00Z;11610
1995-10-21T00:00:00Z;8673
1995-10-22T00:00:00Z;7827
1995-10-23T00:00:00Z;10770
1995-10-24T00:00:00Z;11916
1995-10-25T00:00:00Z;11573
1995-10-26T00:00:00Z;11534
1995-10-27T00:00:00Z;11449
1995-10-28T00:00:00Z;8633
1995-10-29T00:00:00Z;7876
1995-10-30T00:00:00Z;10480
1995-10-31T00:00:00Z;10740
1995-11-01T00:00:00Z;11702
1995-11-02T00:00:00Z;11746
1995-11-03T00:00:00Z;11368
1995-11-04T00:00:00Z;8438
1995-11-05T00:00:00Z;7868
1995-11-06T00:00:00Z;10809
1995-11-07T00:00:00Z;12038
1995-11-08T00:00:00Z;11702
1995-11-09T00:00:00Z;11441
1995-11-10T00:00:00Z;11246
1995-11-11T00:00:00Z;8522
1995-11-12T00:00:00Z;7891
1995-11-13T00:00:00Z;10534
1995-11-14T00:00:00Z;11455
1995-11-15T00:00:00Z;11629
1995-11-16T00:00:00Z;11436
1995-11-17T00:00:00Z;11410
1995-11-18T00:00:00Z;8493
1995-11-19T00:00:00Z;7772
1995-11-20T00:00:00Z;11476
1995-11-21T00:00:00Z;12503
1995-11-22T00:00:00Z;11304
1995-11-23T00:00:00Z;7754
1995-11-24T00:00:00Z;9125
1995-11-25T00:00:00Z;8115
1995-11-26T00:00:00Z;7500
1995-11-27T00:00:00Z;10979
1995-11-28T00:00:00Z;12002
1995-11-29T00:00:00Z;11344
1995-11-30T00:00:00Z;11215
1995-12-01T00:00:00Z;11206
1995-12-02T00:00:00Z;8429
1995-12-03T00:00:00Z;7703
1995-12-04T00:00:00Z;10346
1995-12-05T00:00:00Z;11676
1995-12-06T00:00:00Z;11188
1995-12-07T00:00:00Z;11242
1995-12-08T00:00:00Z;11166
1995-12-09T00:00:00Z;8201
1995-12-10T00:00:00Z;7595
1995-12-11T00:00:00Z;10429
1995-12-12T00:00:00Z;11784
1995-12-13T00:00:00Z;11191
1995-12-14T00:00:00Z;11403
1995-12-15T00:00:00Z;11458
1995-12-16T00:00:00Z;8509
1995-12-17T00:00:00Z;7759
1995-12-18T00:00:00Z;11139
1995-12-19T00:00:00Z;12501
1995-12-20T00:00:00Z;12043
1995-12-21T00:00:00Z;11944
1995-12-22T00:00:00Z;11204
1995-12-23T00:00:00Z;8058
1995-12-24T00:00:00Z;6999
1995-12-25T00:00:00Z;7027
1995-12-26T00:00:00Z;9447
1995-12-27T00:00:00Z;11897
1995-12-28T00:00:00Z;12530
1995-12-29T00:00:00Z;12207
1995-12-30T00:00:00Z;9093
1995-12-31T00:00:00Z;7596
1996-01-01T00:00:00Z;7683
1996-01-02T00:00:00Z;9408
1996-01-03T00:00:00Z;10954
1996-01-04T00:00:00Z;11308
1996-01-05T00:00:00Z;11631
1996-01-06T00:00:00Z;8680
1996-01-07T00:00:00Z;7735
1996-01-08T00:00:00Z;10044
1996-01-09T00:00:00Z;11018
1996-01-10T00:00:00Z;11144
1996-01-11T00:00:00Z;11304
1996-01-12T00:00:00Z;11274
1996-01-13T00:00:00Z;8488
1996-01-14T00:00:00Z;7685
1996-01-15T00:00:00Z;9912
1996-01-16T00:00:00Z;11181
1996-01-17T00:00:00Z;11148
1996-01-18T00:00:00Z;11579
1996-01-19T00:00:00Z;11292
1996-01-20T00:00:00Z;8492
1996-01-21T00:00:00Z;7701
1996-01-22T00:00:00Z;10593
1996-01-23T00:00:00Z;11451
1996-01-24T00:00:00Z;11336
1996-01-25T00:00:00Z;11405
1996-01-26T00:00:00Z;11195
1996-01-27T00:00:00Z;8487
1996-01-28T00:00:00Z;7533
1996-01-29T00:00:00Z;10374
1996-01-30T00:00:00Z;11359
1996-01-31T00:00:00Z;10889
1996-02-01T00:00:00Z;11030
1996-02-02T00:00:00Z;11335
1996-02-03T00:00:00Z;8390
1996-02-04T00:00:00Z;7531
1996-02-05T00:00:00Z;10364
1996-02-06T00:00:00Z;11360
1996-02-07T00:00:00Z;11204
1996-02-08T00:00:00Z;11529
1996-02-09T00:00:00Z;11577
1996-02-10T00:00:00Z;8578
1996-02-11T00:00:00Z;7710
1996-02-12T00:00:00Z;10542
1996-02-13T00:00:00Z;11322
1996-02-14T00:00:00Z;12094
1996-02-15T00:00:00Z;11820
1996-02-16T00:00:00Z;11666
1996-02-17T00:00:00Z;8465
1996-02-18T00:00:00Z;7763
1996-02-19T00:00:00Z;10036
1996-02-20T00:00:00Z;11598
1996-02-21T00:00:00Z;11554
1996-02-22T00:00:00Z;11697
1996-02-23T00:00:00Z;11415
1996-02-24T00:00:00Z;8692
1996-02-25T00:00:00Z;7917
1996-02-26T00:00:00Z;10693
1996-02-27T00:00:00Z;11761
1996-02-28T00:00:00Z;11428
1996-02-29T00:00:00Z;10692
1996-03-01T00:00:00Z;11785
1996-03-02T00:00:00Z;8719
1996-03-03T00:00:00Z;7885
1996-03-04T00:00:00Z;10586
1996-03-05T00:00:00Z;11475
1996-03-06T00:00:00Z;11535
1996-03-07T00:00:00Z;11446
1996-03-08T00:00:00Z;11272
1996-03-09T00:00:00Z;8611
1996-03-10T00:00:00Z;7512
1996-03-11T00:00:00Z;10668
1996-03-12T00:00:00Z;11623
1996-03-13T00:00:00Z;11338
1996-03-14T00:00:00Z;11578
1996-03-15T00:00:00Z;11860
1996-03-16T00:00:00Z;8691
1996-03-17T00:00:00Z;8010
1996-03-18T00:00:00Z;10812
1996-03-19T00:00:00Z;11764
1996-03-20T00:00:00Z;11482
1996-03-21T00:00:00Z;11653
1996-03-22T00:00:00Z;11727
1996-03-23T00:00:00Z;8534
1996-03-24T00:00:00Z;8002
1996-03-25T00:00:00Z;10662
1996-03-26T00:00:00Z;11764
1996-03-27T00:00:00Z;11532
1996-03-28T00:00:00Z;11728
1996-03-29T00:00:00Z;11659
1996-03-30T00:00:00Z;8712
1996-03-31T00:00:00Z;7956
1996-04-01T00:00:00Z;10173
1996-04-02T00:00:00Z;12055
1996-04-03T00:00:00Z;11622
1996-04-04T00:00:00Z;11881
1996-04-05T00:00:00Z;10985
1996-04-06T00:00:00Z;8354
1996-04-07T00:00:00Z;7372
1996-04-08T00:00:00Z;10659
1996-04-09T00:00:00Z;11631
1996-04-10T00:00:00Z;11429
1996-04-11T00:00:00Z;11489
1996-04-12T00:00:00Z;11462
1996-04-13T00:00:00Z;8565
1996-04-14T00:00:00Z;7687
1996-04-15T00:00:00Z;10548
1996-04-16T00:00:00Z;11754
1996-04-17T00:00:00Z;11554
1996-04-18T00:00:00Z;11282
1996-04-19T00:00:00Z;11438
1996-04-20T00:00:00Z;8451
1996-04-21T00:00:00Z;7789
1996-04-22T00:00:00Z;10957
1996-04-23T00:00:00Z;11979
1996-04-24T00:00:00Z;11342
1996-04-25T00:00:00Z;11340
1996-04-26T00:00:00Z;11070
1996-04-27T00:00:00Z;8444
1996-04-28T00:00:00Z;7567
1996-04-29T00:00:00Z;10325
1996-04-30T00:00:00Z;11391
1996-05-01T00:00:00Z;11390
1996-05-02T00:00:00Z;11397
1996-05-03T00:00:00Z;11011
1996-05-04T00:00:00Z;8483
1996-05-05T00:00:00Z;7821
1996-05-06T00:00:00Z;10585
1996-05-07T00:00:00Z;11567
1996-05-08T00:00:00Z;11403
1996-05-09T00:00:00Z;11404
1996-05-10T00:00:00Z;11471
1996-05-11T00:00:00Z;8495
1996-05-12T00:00:00Z;7758
1996-05-13T00:00:00Z;10291
1996-05-14T00:00:00Z;11757
1996-05-15T00:00:00Z;11619
1996-05-16T00:00:00Z;11637
1996-05-17T00:00:00Z;11370
1996-05-18T00:00:00Z;8696
1996-05-19T00:00:00Z;7906
1996-05-20T00:00:00Z;11073
1996-05-21T00:00:00Z;11962
1996-05-22T00:00:00Z;11733
1996-05-23T00:00:00Z;11511
1996-05-24T00:00:00Z;11835
1996-05-25T00:00:00Z;8666
1996-05-26T00:00:00Z;7746
1996-05-27T00:00:00Z;8034
1996-05-28T00:00:00Z;11151
1996-05-29T00:00:00Z;12119
1996-05-30T00:00:00Z;11964
1996-05-31T00:00:00Z;11853
1996-06-01T00:00:00Z;8866
1996-06-02T00:00:00Z;7962
1996-06-03T00:00:00Z;10916
1996-06-04T00:00:00Z;11783
1996-06-05T00:00:00Z;11695
1996-06-06T00:00:00Z;11849
1996-06-07T00:00:00Z;11750
1996-06-08T00:00:00Z;8739
1996-06-09T00:00:00Z;8013
1996-06-10T00:00:00Z;10927
1996-06-11T00:00:00Z;11978
1996-06-12T00:00:00Z;11710
1996-06-13T00:00:00Z;11521
1996-06-14T00:00:00Z;11644
1996-06-15T00:00:00Z;8783
1996-06-16T00:00:00Z;8004
1996-06-17T00:00:00Z;10981
1996-06-18T00:00:00Z;12105
1996-06-19T00:00:00Z;11779
1996-06-20T00:00:00Z;12052
1996-06-21T00:00:00Z;11759
1996-06-22T00:00:00Z;8946
1996-06-23T00:00:00Z;8128
1996-06-24T00:00:00Z;11080
1996-06-25T00:00:00Z;12150
1996-06-26T00:00:00Z;12154
1996-06-27T00:00:00Z;11957
1996-06-28T00:00:00Z;12057
1996-06-29T00:00:00Z;8956
1996-06-30T00:00:00Z;8281
1996-07-01T00:00:00Z;11779
1996-07-02T00:00:00Z;13167
1996-07-03T00:00:00Z;12563
1996-07-04T00:00:00Z;9358
1996-07-05T00:00:00Z;10823
1996-07-06T00:00:00Z;9044
1996-07-07T00:00:00Z;8248
1996-07-08T00:00:00Z;11385
1996-07-09T00:00:00Z;12623
1996-07-10T00:00:00Z;12362
1996-07-11T00:00:00Z;12256
1996-07-12T00:00:00Z;11976
1996-07-13T00:00:00Z;9152
1996-07-14T00:00:00Z;8358
1996-07-15T00:00:00Z;11421
1996-07-16T00:00:00Z;12619
1996-07-17T00:00:00Z;12660
1996-07-18T00:00:00Z;12247
1996-07-19T00:00:00Z;12049
1996-07-20T00:00:00Z;9107
1996-07-21T00:00:00Z;8349
1996-07-22T00:00:00Z;11164
1996-07-23T00:00:00Z;12731
1996-07-24T00:00:00Z;12214
1996-07-25T00:00:00Z;12307
1996-07-26T00:00:00Z;12082
1996-07-27T00:00:00Z;9012
1996-07-28T00:00:00Z;8227
1996-07-29T00:00:00Z;11232
1996-07-30T00:00:00Z;12519
1996-07-31T00:00:00Z;12128
1996-08-01T00:00:00Z;12153
1996-08-02T00:00:00Z;12088
1996-08-03T00:00:00Z;9174
1996-08-04T00:00:00Z;8327
1996-08-05T00:00:00Z;11268
1996-08-06T00:00:00Z;12508
1996-08-07T00:00:00Z;12277
1996-08-08T00:00:00Z;12385
1996-08-09T00:00:00Z;12167
1996-08-10T00:00:00Z;9175
1996-08-11T00:00:00Z;8310
1996-08-12T00:00:00Z;11499
1996-08-13T00:00:00Z;12407
1996-08-14T00:00:00Z;12294
1996-08-15T00:00:00Z;12180
1996-08-16T00:00:00Z;12419
1996-08-17T00:00:00Z;9290
1996-08-18T00:00:00Z;8305
1996-08-19T00:00:00Z;11392
1996-08-20T00:00:00Z;12270
1996-08-21T00:00:00Z;12338
1996-08-22T00:00:00Z;12291
1996-08-23T00:00:00Z;12213
1996-08-24T00:00:00Z;9130
1996-08-25T00:00:00Z;8212
1996-08-26T00:00:00Z;11201
1996-08-27T00:00:00Z;12573
1996-08-28T00:00:00Z;12339
1996-08-29T00:00:00Z;12509
1996-08-30T00:00:00Z;12479
1996-08-31T00:00:00Z;9144
1996-09-01T00:00:00Z;8250
1996-09-02T00:00:00Z;8331
1996-09-03T00:00:00Z;11506
1996-09-04T00:00:00Z;12970
1996-09-05T00:00:00Z;12657
1996-09-06T00:00:00Z;12629
1996-09-07T00:00:00Z;9396
1996-09-08T00:00:00Z;8354
1996-09-09T00:00:00Z;11543
1996-09-10T00:00:00Z;12662
1996-09-11T00:00:00Z;12420
1996-09-12T00:00:00Z;12486
1996-09-13T00:00:00Z;12019
1996-09-14T00:00:00Z;9323
1996-09-15T00:00:00Z;8561
1996-09-16T00:00:00Z;12107
1996-09-17T00:00:00Z;13063
1996-09-18T00:00:00Z;12630
1996-09-19T00:00:00Z;12535
1996-09-20T00:00:00Z;12754
1996-09-21T00:00:00Z;9492
1996-09-22T00:00:00Z;8694
1996-09-23T00:00:00Z;11605
1996-09-24T00:00:00Z;12910
1996-09-25T00:00:00Z;12768
1996-09-26T00:00:00Z;12684
1996-09-27T00:00:00Z;12756
1996-09-28T00:00:00Z;9359
1996-09-29T00:00:00Z;8393
1996-09-30T00:00:00Z;11491
1996-10-01T00:00:00Z;12851
1996-10-02T00:00:00Z;12347
1996-10-03T00:00:00Z;12248
1996-10-04T00:00:00Z;12224
1996-10-05T00:00:00Z;8900
1996-10-06T00:00:00Z;7960
1996-10-07T00:00:00Z;11186
1996-10-08T00:00:00Z;12311
1996-10-09T00:00:00Z;12069
1996-10-10T00:00:00Z;12157
1996-10-11T00:00:00Z;11582
1996-10-12T00:00:00Z;8710
1996-10-13T00:00:00Z;7970
1996-10-14T00:00:00Z;10770
1996-10-15T00:00:00Z;12272
1996-10-16T00:00:00Z;11894
1996-10-17T00:00:00Z;11764
1996-10-18T00:00:00Z;11495
1996-10-19T00:00:00Z;8459
1996-10-20T00:00:00Z;7786
1996-10-21T00:00:00Z;10790
1996-10-22T00:00:00Z;11857
1996-10-23T00:00:00Z;11807
1996-10-24T00:00:00Z;11538
1996-10-25T00:00:00Z;11618
1996-10-26T00:00:00Z;8695
1996-10-27T00:00:00Z;8061
1996-10-28T00:00:00Z;10846
1996-10-29T00:00:00Z;12054
1996-10-30T00:00:00Z;11812
1996-10-31T00:00:00Z;10313
1996-11-01T00:00:00Z;11717
1996-11-02T00:00:00Z;8614
1996-11-03T00:00:00Z;7753
1996-11-04T00:00:00Z;10846
1996-11-05T00:00:00Z;12019
1996-11-06T00:00:00Z;11575
1996-11-07T00:00:00Z;11854
1996-11-08T00:00:00Z;11880
1996-11-09T00:00:00Z;8780
1996-11-10T00:00:00Z;7666
1996-11-11T00:00:00Z;10586
1996-11-12T00:00:00Z;11687
1996-11-13T00:00:00Z;11065
1996-11-14T00:00:00Z;11516
1996-11-15T00:00:00Z;11523
1996-11-16T00:00:00Z;8562
1996-11-17T00:00:00Z;7808
1996-11-18T00:00:00Z;10712
1996-11-19T00:00:00Z;12001
1996-11-20T00:00:00Z;11557
1996-11-21T00:00:00Z;11617
1996-11-22T00:00:00Z;11713
1996-11-23T00:00:00Z;8535
1996-11-24T00:00:00Z;7452
1996-11-25T00:00:00Z;11352
1996-11-26T00:00:00Z;12451
1996-11-27T00:00:00Z;11169
1996-11-28T00:00:00Z;7770
1996-11-29T00:00:00Z;9302
1996-11-30T00:00:00Z;8315
1996-12-01T00:00:00Z;7929
1996-12-02T00:00:00Z;10969
1996-12-03T00:00:00Z;12123
1996-12-04T00:00:00Z;11837
1996-12-05T00:00:00Z;11587
1996-12-06T00:00:00Z;11547
1996-12-07T00:00:00Z;8505
1996-12-08T00:00:00Z;7730
1996-12-09T00:00:00Z;10642
1996-12-10T00:00:00Z;11900
1996-12-11T00:00:00Z;11521
1996-12-12T00:00:00Z;11845
1996-12-13T00:00:00Z;10623
1996-12-14T00:00:00Z;8618
1996-12-15T00:00:00Z;7717
1996-12-16T00:00:00Z;11193
1996-12-17T00:00:00Z;12379
1996-12-18T00:00:00Z;12116
1996-12-19T00:00:00Z;12181
1996-12-20T00:00:00Z;12552
1996-12-21T00:00:00Z;8684
1996-12-22T00:00:00Z;7749
1996-12-23T00:00:00Z;10604
1996-12-24T00:00:00Z;9114
1996-12-25T00:00:00Z;7092
1996-12-26T00:00:00Z;10321
1996-12-27T00:00:00Z;12260
1996-12-28T00:00:00Z;9103
1996-12-29T00:00:00Z;8193
1996-12-30T00:00:00Z;11911
1996-12-31T00:00:00Z;11924
1997-01-01T00:00:00Z;8349
1997-01-02T00:00:00Z;9914
1997-01-03T00:00:00Z;11196
1997-01-04T00:00:00Z;8617
1997-01-05T00:00:00Z;7657
1997-01-06T00:00:00Z;10456
1997-01-07T00:00:00Z;11615
1997-01-08T00:00:00Z;10872
1997-01-09T00:00:00Z;10981
1997-01-10T00:00:00Z;11545
1997-01-11T00:00:00Z;8368
1997-01-12T00:00:00Z;7524
1997-01-13T00:00:00Z;10267
1997-01-14T00:00:00Z;11502
1997-01-15T00:00:00Z;11319
1997-01-16T00:00:00Z;11311
1997-01-17T00:00:00Z;11321
1997-01-18T00:00:00Z;8340
1997-01-19T00:00:00Z;7527
1997-01-20T00:00:00Z;10444
1997-01-21T00:00:00Z;11536
1997-01-22T00:00:00Z;11508
1997-01-23T00:00:00Z;11511
1997-01-24T00:00:00Z;11410
1997-01-25T00:00:00Z;8634
1997-01-26T00:00:00Z;7526
1997-01-27T00:00:00Z;10527
1997-01-28T00:00:00Z;11661
1997-01-29T00:00:00Z;11084
1997-01-30T00:00:00Z;11171
1997-01-31T00:00:00Z;11518
1997-02-01T00:00:00Z;8488
1997-02-02T00:00:00Z;7706
1997-02-03T00:00:00Z;10596
1997-02-04T00:00:00Z;11621
1997-02-05T00:00:00Z;11291
1997-02-06T00:00:00Z;11228
1997-02-07T00:00:00Z;11538
1997-02-08T00:00:00Z;8411
1997-02-09T00:00:00Z;7566
1997-02-10T00:00:00Z;10778
1997-02-11T00:00:00Z;11734
1997-02-12T00:00:00Z;11548
1997-02-13T00:00:00Z;11288
1997-02-14T00:00:00Z;12321
1997-02-15T00:00:00Z;8805
1997-02-16T00:00:00Z;7670
1997-02-17T00:00:00Z;10023
1997-02-18T00:00:00Z;11126
1997-02-19T00:00:00Z;11574
1997-02-20T00:00:00Z;11571
1997-02-21T00:00:00Z;11458
1997-02-22T00:00:00Z;8845
1997-02-23T00:00:00Z;7553
1997-02-24T00:00:00Z;10481
1997-02-25T00:00:00Z;11566
1997-02-26T00:00:00Z;11573
1997-02-27T00:00:00Z;11666
1997-02-28T00:00:00Z;11516
1997-03-01T00:00:00Z;8589
1997-03-02T00:00:00Z;7681
1997-03-03T00:00:00Z;10837
1997-03-04T00:00:00Z;11909
1997-03-05T00:00:00Z;11570
1997-03-06T00:00:00Z;11523
1997-03-07T00:00:00Z;11571
1997-03-08T00:00:00Z;8700
1997-03-09T00:00:00Z;7649
1997-03-10T00:00:00Z;10691
1997-03-11T00:00:00Z;11944
1997-03-12T00:00:00Z;11661
1997-03-13T00:00:00Z;11397
1997-03-14T00:00:00Z;11573
1997-03-15T00:00:00Z;8521
1997-03-16T00:00:00Z;7617
1997-03-17T00:00:00Z;10881
1997-03-18T00:00:00Z;11726
1997-03-19T00:00:00Z;11550
1997-03-20T00:00:00Z;11634
1997-03-21T00:00:00Z;11846
1997-03-22T00:00:00Z;8641
1997-03-23T00:00:00Z;7594
1997-03-24T00:00:00Z;10903
1997-03-25T00:00:00Z;12160
1997-03-26T00:00:00Z;11845
1997-03-27T00:00:00Z;11745
1997-03-28T00:00:00Z;11184
1997-03-29T00:00:00Z;8329
1997-03-30T00:00:00Z;7458
1997-03-31T00:00:00Z;10283
1997-04-01T00:00:00Z;10799
1997-04-02T00:00:00Z;11662
1997-04-03T00:00:00Z;11669
1997-04-04T00:00:00Z;11657
1997-04-05T00:00:00Z;8576
1997-04-06T00:00:00Z;7207
1997-04-07T00:00:00Z;10726
1997-04-08T00:00:00Z;11840
1997-04-09T00:00:00Z;11356
1997-04-10T00:00:00Z;11499
1997-04-11T00:00:00Z;11348
1997-04-12T00:00:00Z;8444
1997-04-13T00:00:00Z;7559
1997-04-14T00:00:00Z;10620
1997-04-15T00:00:00Z;11714
1997-04-16T00:00:00Z;11652
1997-04-17T00:00:00Z;11743
1997-04-18T00:00:00Z;11560
1997-04-19T00:00:00Z;8497
1997-04-20T00:00:00Z;7673
1997-04-21T00:00:00Z;10793
1997-04-22T00:00:00Z;11979
1997-04-23T00:00:00Z;11783
1997-04-24T00:00:00Z;11755
1997-04-25T00:00:00Z;11295
1997-04-26T00:00:00Z;8285
1997-04-27T00:00:00Z;7410
1997-04-28T00:00:00Z;10265
1997-04-29T00:00:00Z;11518
1997-04-30T00:00:00Z;11346
1997-05-01T00:00:00Z;11608
1997-05-02T00:00:00Z;11686
1997-05-03T00:00:00Z;8502
1997-05-04T00:00:00Z;7868
1997-05-05T00:00:00Z;10982
1997-05-06T00:00:00Z;11855
1997-05-07T00:00:00Z;11781
1997-05-08T00:00:00Z;11861
1997-05-09T00:00:00Z;11701
1997-05-10T00:00:00Z;8568
1997-05-11T00:00:00Z;7493
1997-05-12T00:00:00Z;11247
1997-05-13T00:00:00Z;12031
1997-05-14T00:00:00Z;11703
1997-05-15T00:00:00Z;12109
1997-05-16T00:00:00Z;11749
1997-05-17T00:00:00Z;8493
1997-05-18T00:00:00Z;7845
1997-05-19T00:00:00Z;11189
1997-05-20T00:00:00Z;12346
1997-05-21T00:00:00Z;11910
1997-05-22T00:00:00Z;12023
1997-05-23T00:00:00Z;12212
1997-05-24T00:00:00Z;8756
1997-05-25T00:00:00Z;7873
1997-05-26T00:00:00Z;8079
1997-05-27T00:00:00Z;11045
1997-05-28T00:00:00Z;12545
1997-05-29T00:00:00Z;12357
1997-05-30T00:00:00Z;12061
1997-05-31T00:00:00Z;8853
1997-06-01T00:00:00Z;7763
1997-06-02T00:00:00Z;10716
1997-06-03T00:00:00Z;12037
1997-06-04T00:00:00Z;11794
1997-06-05T00:00:00Z;11826
1997-06-06T00:00:00Z;11938
1997-06-07T00:00:00Z;8678
1997-06-08T00:00:00Z;7578
1997-06-09T00:00:00Z;10854
1997-06-10T00:00:00Z;12251
1997-06-11T00:00:00Z;12075
1997-06-12T00:00:00Z;11882
1997-06-13T00:00:00Z;11214
1997-06-14T00:00:00Z;8835
1997-06-15T00:00:00Z;7777
1997-06-16T00:00:00Z;11212
1997-06-17T00:00:00Z;12190
1997-06-18T00:00:00Z;11875
1997-06-19T00:00:00Z;12012
1997-06-20T00:00:00Z;12192
1997-06-21T00:00:00Z;8751
1997-06-22T00:00:00Z;8199
1997-06-23T00:00:00Z;11031
1997-06-24T00:00:00Z;12511
1997-06-25T00:00:00Z;12264
1997-06-26T00:00:00Z;12291
1997-06-27T00:00:00Z;11916
1997-06-28T00:00:00Z;9184
1997-06-29T00:00:00Z;7823
1997-06-30T00:00:00Z;11198
1997-07-01T00:00:00Z;13003
1997-07-02T00:00:00Z;12820
1997-07-03T00:00:00Z;12433
1997-07-04T00:00:00Z;9445
1997-07-05T00:00:00Z;8255
1997-07-06T00:00:00Z;7860
1997-07-07T00:00:00Z;11501
1997-07-08T00:00:00Z;12927
1997-07-09T00:00:00Z;12292
1997-07-10T00:00:00Z;12451
1997-07-11T00:00:00Z;12132
1997-07-12T00:00:00Z;8841
1997-07-13T00:00:00Z;8092
1997-07-14T00:00:00Z;11198
1997-07-15T00:00:00Z;12625
1997-07-16T00:00:00Z;12474
1997-07-17T00:00:00Z;12552
1997-07-18T00:00:00Z;12101
1997-07-19T00:00:00Z;9055
1997-07-20T00:00:00Z;7973
1997-07-21T00:00:00Z;11410
1997-07-22T00:00:00Z;12928
1997-07-23T00:00:00Z;12319
1997-07-24T00:00:00Z;11988
1997-07-25T00:00:00Z;12178
1997-07-26T00:00:00Z;8939
1997-07-27T00:00:00Z;8213
1997-07-28T00:00:00Z;11465
1997-07-29T00:00:00Z;12482
1997-07-30T00:00:00Z;12356
1997-07-31T00:00:00Z;12198
1997-08-01T00:00:00Z;12084
1997-08-02T00:00:00Z;8775
1997-08-03T00:00:00Z;8044
1997-08-04T00:00:00Z;11189
1997-08-05T00:00:00Z;12585
1997-08-06T00:00:00Z;12046
1997-08-07T00:00:00Z;12141
1997-08-08T00:00:00Z;12110
1997-08-09T00:00:00Z;8876
1997-08-10T00:00:00Z;8174
1997-08-11T00:00:00Z;11274
1997-08-12T00:00:00Z;12632
1997-08-13T00:00:00Z;11963
1997-08-14T00:00:00Z;12342
1997-08-15T00:00:00Z;12240
1997-08-16T00:00:00Z;9066
1997-08-17T00:00:00Z;8125
1997-08-18T00:00:00Z;11387
1997-08-19T00:00:00Z;12479
1997-08-20T00:00:00Z;12394
1997-08-21T00:00:00Z;12121
1997-08-22T00:00:00Z;12081
1997-08-23T00:00:00Z;8950
1997-08-24T00:00:00Z;8053
1997-08-25T00:00:00Z;11094
1997-08-26T00:00:00Z;12577
1997-08-27T00:00:00Z;12270
1997-08-28T00:00:00Z;12475
1997-08-29T00:00:00Z;12422
1997-08-30T00:00:00Z;9078
1997-08-31T00:00:00Z;8075
1997-09-01T00:00:00Z;8116
1997-09-02T00:00:00Z;11307
1997-09-03T00:00:00Z;12720
1997-09-04T00:00:00Z;12462
1997-09-05T00:00:00Z;12454
1997-09-06T00:00:00Z;9074
1997-09-07T00:00:00Z;8281
1997-09-08T00:00:00Z;11244
1997-09-09T00:00:00Z;12457
1997-09-10T00:00:00Z;12182
1997-09-11T00:00:00Z;12467
1997-09-12T00:00:00Z;12394
1997-09-13T00:00:00Z;9053
1997-09-14T00:00:00Z;8265
1997-09-15T00:00:00Z;11584
1997-09-16T00:00:00Z;12891
1997-09-17T00:00:00Z;12793
1997-09-18T00:00:00Z;12372
1997-09-19T00:00:00Z;12560
1997-09-20T00:00:00Z;8968
1997-09-21T00:00:00Z;8253
1997-09-22T00:00:00Z;11474
1997-09-23T00:00:00Z;12621
1997-09-24T00:00:00Z;12193
1997-09-25T00:00:00Z;12132
1997-09-26T00:00:00Z;12057
1997-09-27T00:00:00Z;9119
1997-09-28T00:00:00Z;8104
1997-09-29T00:00:00Z;11453
1997-09-30T00:00:00Z;12550
1997-10-01T00:00:00Z;12161
1997-10-02T00:00:00Z;11903
1997-10-03T00:00:00Z;11939
1997-10-04T00:00:00Z;8787
1997-10-05T00:00:00Z;7726
1997-10-06T00:00:00Z;11123
1997-10-07T00:00:00Z;12261
1997-10-08T00:00:00Z;11689
1997-10-09T00:00:00Z;11623
1997-10-10T00:00:00Z;11627
1997-10-11T00:00:00Z;8489
1997-10-12T00:00:00Z;7358
1997-10-13T00:00:00Z;10180
1997-10-14T00:00:00Z;11859
1997-10-15T00:00:00Z;11450
1997-10-16T00:00:00Z;11481
1997-10-17T00:00:00Z;11451
1997-10-18T00:00:00Z;8393
1997-10-19T00:00:00Z;7604
1997-10-20T00:00:00Z;10782
1997-10-21T00:00:00Z;11957
1997-10-22T00:00:00Z;11490
1997-10-23T00:00:00Z;11561
1997-10-24T00:00:00Z;11607
1997-10-25T00:00:00Z;8438
1997-10-26T00:00:00Z;8000
1997-10-27T00:00:00Z;10824
1997-10-28T00:00:00Z;11753
1997-10-29T00:00:00Z;11593
1997-10-30T00:00:00Z;11406
1997-10-31T00:00:00Z;10142
1997-11-01T00:00:00Z;8706
1997-11-02T00:00:00Z;7884
1997-11-03T00:00:00Z;10909
1997-11-04T00:00:00Z;12210
1997-11-05T00:00:00Z;11704
1997-11-06T00:00:00Z;11608
1997-11-07T00:00:00Z;11624
1997-11-08T00:00:00Z;8577
1997-11-09T00:00:00Z;7794
1997-11-10T00:00:00Z;10796
1997-11-11T00:00:00Z;12022
1997-11-12T00:00:00Z;11485
1997-11-13T00:00:00Z;11233
1997-11-14T00:00:00Z;11615
1997-11-15T00:00:00Z;8483
1997-11-16T00:00:00Z;7757
1997-11-17T00:00:00Z;10945
1997-11-18T00:00:00Z;12014
1997-11-19T00:00:00Z;11529
1997-11-20T00:00:00Z;11754
1997-11-21T00:00:00Z;11930
1997-11-22T00:00:00Z;8769
1997-11-23T00:00:00Z;7803
1997-11-24T00:00:00Z;11583
1997-11-25T00:00:00Z;12618
1997-11-26T00:00:00Z;11216
1997-11-27T00:00:00Z;7680
1997-11-28T00:00:00Z;9172
1997-11-29T00:00:00Z;8269
1997-11-30T00:00:00Z;7593
1997-12-01T00:00:00Z;11195
1997-12-02T00:00:00Z;12509
1997-12-03T00:00:00Z;11997
1997-12-04T00:00:00Z;11810
1997-12-05T00:00:00Z;11385
1997-12-06T00:00:00Z;8316
1997-12-07T00:00:00Z;7608
1997-12-08T00:00:00Z;10696
1997-12-09T00:00:00Z;11825
1997-12-10T00:00:00Z;11555
1997-12-11T00:00:00Z;11431
1997-12-12T00:00:00Z;11380
1997-12-13T00:00:00Z;8178
1997-12-14T00:00:00Z;7504
1997-12-15T00:00:00Z;11054
1997-12-16T00:00:00Z;12506
1997-12-17T00:00:00Z;12199
1997-12-18T00:00:00Z;12543
1997-12-19T00:00:00Z;12543
1997-12-20T00:00:00Z;8997
1997-12-21T00:00:00Z;7675
1997-12-22T00:00:00Z;12021
1997-12-23T00:00:00Z;12061
1997-12-24T00:00:00Z;9129
1997-12-25T00:00:00Z;7055
1997-12-26T00:00:00Z;10075
1997-12-27T00:00:00Z;8679
1997-12-28T00:00:00Z;7864
1997-12-29T00:00:00Z;12206
1997-12-30T00:00:00Z;13521
1997-12-31T00:00:00Z;11818
1998-01-01T00:00:00Z;8213
1998-01-02T00:00:00Z;9784
1998-01-03T00:00:00Z;8437
1998-01-04T00:00:00Z;7807
1998-01-05T00:00:00Z;10556
1998-01-06T00:00:00Z;11843
1998-01-07T00:00:00Z;11428
1998-01-08T00:00:00Z;11526
1998-01-09T00:00:00Z;11469
1998-01-10T00:00:00Z;8612
1998-01-11T00:00:00Z;7642
1998-01-12T00:00:00Z;10553
1998-01-13T00:00:00Z;11850
1998-01-14T00:00:00Z;11542
1998-01-15T00:00:00Z;11491
1998-01-16T00:00:00Z;11535
1998-01-17T00:00:00Z;8698
1998-01-18T00:00:00Z;7690
1998-01-19T00:00:00Z;10325
1998-01-20T00:00:00Z;11806
1998-01-21T00:00:00Z;11650
1998-01-22T00:00:00Z;11680
1998-01-23T00:00:00Z;11389
1998-01-24T00:00:00Z;8525
1998-01-25T00:00:00Z;7586
1998-01-26T00:00:00Z;10771
1998-01-27T00:00:00Z;11813
1998-01-28T00:00:00Z;11483
1998-01-29T00:00:00Z;11513
1998-01-30T00:00:00Z;11616
1998-01-31T00:00:00Z;8507
1998-02-01T00:00:00Z;7650
1998-02-02T00:00:00Z;10867
1998-02-03T00:00:00Z;11659
1998-02-04T00:00:00Z;11745
1998-02-05T00:00:00Z;11529
1998-02-06T00:00:00Z;11573
1998-02-07T00:00:00Z;8567
1998-02-08T00:00:00Z;7952
1998-02-09T00:00:00Z;11113
1998-02-10T00:00:00Z;12166
1998-02-11T00:00:00Z;11752
1998-02-12T00:00:00Z;12329
1998-02-13T00:00:00Z;11203
1998-02-14T00:00:00Z;9112
1998-02-15T00:00:00Z;7957
1998-02-16T00:00:00Z;10471
1998-02-17T00:00:00Z;11923
1998-02-18T00:00:00Z;12022
1998-02-19T00:00:00Z;11802
1998-02-20T00:00:00Z;11879
1998-02-21T00:00:00Z;8759
1998-02-22T00:00:00Z;7779
1998-02-23T00:00:00Z;10871
1998-02-24T00:00:00Z;12185
1998-02-25T00:00:00Z;11815
1998-02-26T00:00:00Z;11817
1998-02-27T00:00:00Z;11536
1998-02-28T00:00:00Z;8678
1998-03-01T00:00:00Z;7798
1998-03-02T00:00:00Z;11019
1998-03-03T00:00:00Z;12180
1998-03-04T00:00:00Z;11740
1998-03-05T00:00:00Z;12046
1998-03-06T00:00:00Z;11811
1998-03-07T00:00:00Z;8510
1998-03-08T00:00:00Z;7699
1998-03-09T00:00:00Z;10801
1998-03-10T00:00:00Z;12150
1998-03-11T00:00:00Z;11752
1998-03-12T00:00:00Z;11883
1998-03-13T00:00:00Z;11120
1998-03-14T00:00:00Z;8697
1998-03-15T00:00:00Z;7808
1998-03-16T00:00:00Z;10836
1998-03-17T00:00:00Z;12343
1998-03-18T00:00:00Z;11918
1998-03-19T00:00:00Z;11728
1998-03-20T00:00:00Z;11703
1998-03-21T00:00:00Z;8730
1998-03-22T00:00:00Z;7625
1998-03-23T00:00:00Z;10779
1998-03-24T00:00:00Z;11960
1998-03-25T00:00:00Z;11757
1998-03-26T00:00:00Z;11983
1998-03-27T00:00:00Z;11715
1998-03-28T00:00:00Z;8399
1998-03-29T00:00:00Z;7831
1998-03-30T00:00:00Z;10990
1998-03-31T00:00:00Z;12125
1998-04-01T00:00:00Z;10992
1998-04-02T00:00:00Z;11944
1998-04-03T00:00:00Z;11976
1998-04-04T00:00:00Z;8715
1998-04-05T00:00:00Z;7240
1998-04-06T00:00:00Z;10904
1998-04-07T00:00:00Z;12255
1998-04-08T00:00:00Z;11992
1998-04-09T00:00:00Z;11868
1998-04-10T00:00:00Z;11118
1998-04-11T00:00:00Z;8437
1998-04-12T00:00:00Z;7330
1998-04-13T00:00:00Z;10383
1998-04-14T00:00:00Z;12207
1998-04-15T00:00:00Z;11898
1998-04-16T00:00:00Z;11931
1998-04-17T00:00:00Z;11820
1998-04-18T00:00:00Z;8595
1998-04-19T00:00:00Z;7557
1998-04-20T00:00:00Z;10848
1998-04-21T00:00:00Z;12213
1998-04-22T00:00:00Z;11730
1998-04-23T00:00:00Z;11729
1998-04-24T00:00:00Z;11511
1998-04-25T00:00:00Z;8469
1998-04-26T00:00:00Z;7774
1998-04-27T00:00:00Z;10832
1998-04-28T00:00:00Z;12175
1998-04-29T00:00:00Z;11565
1998-04-30T00:00:00Z;11750
1998-05-01T00:00:00Z;11776
1998-05-02T00:00:00Z;8595
1998-05-03T00:00:00Z;7750
1998-05-04T00:00:00Z;11071
1998-05-05T00:00:00Z;12440
1998-05-06T00:00:00Z;12177
1998-05-07T00:00:00Z;12037
1998-05-08T00:00:00Z;11868
1998-05-09T00:00:00Z;8701
1998-05-10T00:00:00Z;7716
1998-05-11T00:00:00Z;10760
1998-05-12T00:00:00Z;12225
1998-05-13T00:00:00Z;11511
1998-05-14T00:00:00Z;11913
1998-05-15T00:00:00Z;12113
1998-05-16T00:00:00Z;8778
1998-05-17T00:00:00Z;7810
1998-05-18T00:00:00Z;11228
1998-05-19T00:00:00Z;12567
1998-05-20T00:00:00Z;12241
1998-05-21T00:00:00Z;12482
1998-05-22T00:00:00Z;12312
1998-05-23T00:00:00Z;8764
1998-05-24T00:00:00Z;7888
1998-05-25T00:00:00Z;7953
1998-05-26T00:00:00Z;11573
1998-05-27T00:00:00Z;12590
1998-05-28T00:00:00Z;12674
1998-05-29T00:00:00Z;12255
1998-05-30T00:00:00Z;8837
1998-05-31T00:00:00Z;7914
1998-06-01T00:00:00Z;11005
1998-06-02T00:00:00Z;11762
1998-06-03T00:00:00Z;11898
1998-06-04T00:00:00Z;11778
1998-06-05T00:00:00Z;11752
1998-06-06T00:00:00Z;8892
1998-06-07T00:00:00Z;7558
1998-06-08T00:00:00Z;10791
1998-06-09T00:00:00Z;12122
1998-06-10T00:00:00Z;12007
1998-06-11T00:00:00Z;11996
1998-06-12T00:00:00Z;11830
1998-06-13T00:00:00Z;8769
1998-06-14T00:00:00Z;7836
1998-06-15T00:00:00Z;11280
1998-06-16T00:00:00Z;12519
1998-06-17T00:00:00Z;12038
1998-06-18T00:00:00Z;11968
1998-06-19T00:00:00Z;11877
1998-06-20T00:00:00Z;8819
1998-06-21T00:00:00Z;7794
1998-06-22T00:00:00Z;11218
1998-06-23T00:00:00Z;12351
1998-06-24T00:00:00Z;12246
1998-06-25T00:00:00Z;12258
1998-06-26T00:00:00Z;12050
1998-06-27T00:00:00Z;8840
1998-06-28T00:00:00Z;7930
1998-06-29T00:00:00Z;11025
1998-06-30T00:00:00Z;12882
1998-07-01T00:00:00Z;12680
1998-07-02T00:00:00Z;12517
1998-07-03T00:00:00Z;10371
1998-07-04T00:00:00Z;8372
1998-07-05T00:00:00Z;7694
1998-07-06T00:00:00Z;11030
1998-07-07T00:00:00Z;12753
1998-07-08T00:00:00Z;12535
1998-07-09T00:00:00Z;12463
1998-07-10T00:00:00Z;12288
1998-07-11T00:00:00Z;8996
1998-07-12T00:00:00Z;8096
1998-07-13T00:00:00Z;11149
1998-07-14T00:00:00Z;13034
1998-07-15T00:00:00Z;12593
1998-07-16T00:00:00Z;12467
1998-07-17T00:00:00Z;12345
1998-07-18T00:00:00Z;8905
1998-07-19T00:00:00Z;8018
1998-07-20T00:00:00Z;11598
1998-07-21T00:00:00Z;12686
1998-07-22T00:00:00Z;12785
1998-07-23T00:00:00Z;12536
1998-07-24T00:00:00Z;12287
1998-07-25T00:00:00Z;8888
1998-07-26T00:00:00Z;8069
1998-07-27T00:00:00Z;11350
1998-07-28T00:00:00Z;12919
1998-07-29T00:00:00Z;12556
1998-07-30T00:00:00Z;12375
1998-07-31T00:00:00Z;12296
1998-08-01T00:00:00Z;8784
1998-08-02T00:00:00Z;7876
1998-08-03T00:00:00Z;11277
1998-08-04T00:00:00Z;12758
1998-08-05T00:00:00Z;12244
1998-08-06T00:00:00Z;12535
1998-08-07T00:00:00Z;12258
1998-08-08T00:00:00Z;9256
1998-08-09T00:00:00Z;8168
1998-08-10T00:00:00Z;11622
1998-08-11T00:00:00Z;12857
1998-08-12T00:00:00Z;12577
1998-08-13T00:00:00Z;12487
1998-08-14T00:00:00Z;12486
1998-08-15T00:00:00Z;9296
1998-08-16T00:00:00Z;8176
1998-08-17T00:00:00Z;11565
1998-08-18T00:00:00Z;12878
1998-08-19T00:00:00Z;12491
1998-08-20T00:00:00Z;12467
1998-08-21T00:00:00Z;12496
1998-08-22T00:00:00Z;9106
1998-08-23T00:00:00Z;8252
1998-08-24T00:00:00Z;11627
1998-08-25T00:00:00Z;12908
1998-08-26T00:00:00Z;12459
1998-08-27T00:00:00Z;12595
1998-08-28T00:00:00Z;12447
1998-08-29T00:00:00Z;9230
1998-08-30T00:00:00Z;8162
1998-08-31T00:00:00Z;11396
1998-09-01T00:00:00Z;12677
1998-09-02T00:00:00Z;12289
1998-09-03T00:00:00Z;12474
1998-09-04T00:00:00Z;12820
1998-09-05T00:00:00Z;9057
1998-09-06T00:00:00Z;7979
1998-09-07T00:00:00Z;8428
1998-09-08T00:00:00Z;12092
1998-09-09T00:00:00Z;13501
1998-09-10T00:00:00Z;13306
1998-09-11T00:00:00Z;12920
1998-09-12T00:00:00Z;9463
1998-09-13T00:00:00Z;8434
1998-09-14T00:00:00Z;11694
1998-09-15T00:00:00Z;12975
1998-09-16T00:00:00Z;12768
1998-09-17T00:00:00Z;12905
1998-09-18T00:00:00Z;13030
1998-09-19T00:00:00Z;9541
1998-09-20T00:00:00Z;8431
1998-09-21T00:00:00Z;11647
1998-09-22T00:00:00Z;12774
1998-09-23T00:00:00Z;12805
1998-09-24T00:00:00Z;12708
1998-09-25T00:00:00Z;12501
1998-09-26T00:00:00Z;9230
1998-09-27T00:00:00Z;8279
1998-09-28T00:00:00Z;11744
1998-09-29T00:00:00Z;12716
1998-09-30T00:00:00Z;12196
1998-10-01T00:00:00Z;12410
1998-10-02T00:00:00Z;12247
1998-10-03T00:00:00Z;8895
1998-10-04T00:00:00Z;7927
1998-10-05T00:00:00Z;11235
1998-10-06T00:00:00Z;12555
1998-10-07T00:00:00Z;12119
1998-10-08T00:00:00Z;12128
1998-10-09T00:00:00Z;11750
1998-10-10T00:00:00Z;8610
1998-10-11T00:00:00Z;7785
1998-10-12T00:00:00Z;10645
1998-10-13T00:00:00Z;11815
1998-10-14T00:00:00Z;12063
1998-10-15T00:00:00Z;12049
1998-10-16T00:00:00Z;11792
1998-10-17T00:00:00Z;8475
1998-10-18T00:00:00Z;7795
1998-10-19T00:00:00Z;10797
1998-10-20T00:00:00Z;12404
1998-10-21T00:00:00Z;11721
1998-10-22T00:00:00Z;11866
1998-10-23T00:00:00Z;11644
1998-10-24T00:00:00Z;8447
1998-10-25T00:00:00Z;7768
1998-10-26T00:00:00Z;10967
1998-10-27T00:00:00Z;11996
1998-10-28T00:00:00Z;11841
1998-10-29T00:00:00Z;11667
1998-10-30T00:00:00Z;11213
1998-10-31T00:00:00Z;8164
1998-11-01T00:00:00Z;7849
1998-11-02T00:00:00Z;11139
1998-11-03T00:00:00Z;12235
1998-11-04T00:00:00Z;11726
1998-11-05T00:00:00Z;12007
1998-11-06T00:00:00Z;11773
1998-11-07T00:00:00Z;8623
1998-11-08T00:00:00Z;7615
1998-11-09T00:00:00Z;11171
1998-11-10T00:00:00Z;12312
1998-11-11T00:00:00Z;11662
1998-11-12T00:00:00Z;11904
1998-11-13T00:00:00Z;10968
1998-11-14T00:00:00Z;8689
1998-11-15T00:00:00Z;7759
1998-11-16T00:00:00Z;11103
1998-11-17T00:00:00Z;12348
1998-11-18T00:00:00Z;11729
1998-11-19T00:00:00Z;11815
1998-11-20T00:00:00Z;12095
1998-11-21T00:00:00Z;8687
1998-11-22T00:00:00Z;7649
1998-11-23T00:00:00Z;11942
1998-11-24T00:00:00Z;13143
1998-11-25T00:00:00Z;11311
1998-11-26T00:00:00Z;7658
1998-11-27T00:00:00Z;9185
1998-11-28T00:00:00Z;8295
1998-11-29T00:00:00Z;7732
1998-11-30T00:00:00Z;11117
1998-12-01T00:00:00Z;12612
1998-12-02T00:00:00Z;12003
1998-12-03T00:00:00Z;11990
1998-12-04T00:00:00Z;11661
1998-12-05T00:00:00Z;8368
1998-12-06T00:00:00Z;7614
1998-12-07T00:00:00Z;10872
1998-12-08T00:00:00Z;12354
1998-12-09T00:00:00Z;11824
1998-12-10T00:00:00Z;11685
1998-12-11T00:00:00Z;11284
1998-12-12T00:00:00Z;8418
1998-12-13T00:00:00Z;7460
1998-12-14T00:00:00Z;11063
1998-12-15T00:00:00Z;12430
1998-12-16T00:00:00Z;12256
1998-12-17T00:00:00Z;12572
1998-12-18T00:00:00Z;12634
1998-12-19T00:00:00Z;8804
1998-12-20T00:00:00Z;7792
1998-12-21T00:00:00Z;12414
1998-12-22T00:00:00Z;13286
1998-12-23T00:00:00Z;11149
1998-12-24T00:00:00Z;8464
1998-12-25T00:00:00Z;7020
1998-12-26T00:00:00Z;7735
1998-12-27T00:00:00Z;7829
1998-12-28T00:00:00Z;11980
1998-12-29T00:00:00Z;13637
1998-12-30T00:00:00Z;13297
1998-12-31T00:00:00Z;11389
1999-01-01T00:00:00Z;8163
1999-01-02T00:00:00Z;7637
1999-01-03T00:00:00Z;7416
1999-01-04T00:00:00Z;10396
1999-01-05T00:00:00Z;12004
1999-01-06T00:00:00Z;11718
1999-01-07T00:00:00Z;11901
1999-01-08T00:00:00Z;11772
1999-01-09T00:00:00Z;8466
1999-01-10T00:00:00Z;7704
1999-01-11T00:00:00Z;10816
1999-01-12T00:00:00Z;12190
1999-01-13T00:00:00Z;11626
1999-01-14T00:00:00Z;11767
1999-01-15T00:00:00Z;11704
1999-01-16T00:00:00Z;8444
1999-01-17T00:00:00Z;7679
1999-01-18T00:00:00Z;10508
1999-01-19T00:00:00Z;11812
1999-01-20T00:00:00Z;11901
1999-01-21T00:00:00Z;12027
1999-01-22T00:00:00Z;11677
1999-01-23T00:00:00Z;8587
1999-01-24T00:00:00Z;7597
1999-01-25T00:00:00Z;10973
1999-01-26T00:00:00Z;11915
1999-01-27T00:00:00Z;11548
1999-01-28T00:00:00Z;11745
1999-01-29T00:00:00Z;11571
1999-01-30T00:00:00Z;8473
1999-01-31T00:00:00Z;7445
1999-02-01T00:00:00Z;10718
1999-02-02T00:00:00Z;12037
1999-02-03T00:00:00Z;11747
1999-02-04T00:00:00Z;11811
1999-02-05T00:00:00Z;11693
1999-02-06T00:00:00Z;8394
1999-02-07T00:00:00Z;7675
1999-02-08T00:00:00Z;11022
1999-02-09T00:00:00Z;12157
1999-02-10T00:00:00Z;11849
1999-02-11T00:00:00Z;12086
1999-02-12T00:00:00Z;11709
1999-02-13T00:00:00Z;8298
1999-02-14T00:00:00Z;7902
1999-02-15T00:00:00Z;10431
1999-02-16T00:00:00Z;11987
1999-02-17T00:00:00Z;11868
1999-02-18T00:00:00Z;11909
1999-02-19T00:00:00Z;11818
1999-02-20T00:00:00Z;8604
1999-02-21T00:00:00Z;7664
1999-02-22T00:00:00Z;10958
1999-02-23T00:00:00Z;11875
1999-02-24T00:00:00Z;11761
1999-02-25T00:00:00Z;11716
1999-02-26T00:00:00Z;11615
1999-02-27T00:00:00Z;8458
1999-02-28T00:00:00Z;7806
1999-03-01T00:00:00Z;10958
1999-03-02T00:00:00Z;12288
1999-03-03T00:00:00Z;11998
1999-03-04T00:00:00Z;11767
1999-03-05T00:00:00Z;11841
1999-03-06T00:00:00Z;8616
1999-03-07T00:00:00Z;7578
1999-03-08T00:00:00Z;10749
1999-03-09T00:00:00Z;11896
1999-03-10T00:00:00Z;11823
1999-03-11T00:00:00Z;11832
1999-03-12T00:00:00Z;11834
1999-03-13T00:00:00Z;8436
1999-03-14T00:00:00Z;7549
1999-03-15T00:00:00Z;10830
1999-03-16T00:00:00Z;12134
1999-03-17T00:00:00Z;11928
1999-03-18T00:00:00Z;11915
1999-03-19T00:00:00Z;11554
1999-03-20T00:00:00Z;8621
1999-03-21T00:00:00Z;7582
1999-03-22T00:00:00Z;10743
1999-03-23T00:00:00Z;12132
1999-03-24T00:00:00Z;11764
1999-03-25T00:00:00Z;11879
1999-03-26T00:00:00Z;11543
1999-03-27T00:00:00Z;8592
1999-03-28T00:00:00Z;7389
1999-03-29T00:00:00Z;11259
1999-03-30T00:00:00Z;12071
1999-03-31T00:00:00Z;11838
1999-04-01T00:00:00Z;11313
1999-04-02T00:00:00Z;11354
1999-04-03T00:00:00Z;8059
1999-04-04T00:00:00Z;7067
1999-04-05T00:00:00Z;10820
1999-04-06T00:00:00Z;12063
1999-04-07T00:00:00Z;11941
1999-04-08T00:00:00Z;11724
1999-04-09T00:00:00Z;11550
1999-04-10T00:00:00Z;8364
1999-04-11T00:00:00Z;7510
1999-04-12T00:00:00Z;10849
1999-04-13T00:00:00Z;11884
1999-04-14T00:00:00Z;11669
1999-04-15T00:00:00Z;11818
1999-04-16T00:00:00Z;11546
1999-04-17T00:00:00Z;8633
1999-04-18T00:00:00Z;7394
1999-04-19T00:00:00Z;10767
1999-04-20T00:00:00Z;12067
1999-04-21T00:00:00Z;11636
1999-04-22T00:00:00Z;11763
1999-04-23T00:00:00Z;11533
1999-04-24T00:00:00Z;8301
1999-04-25T00:00:00Z;7370
1999-04-26T00:00:00Z;10806
1999-04-27T00:00:00Z;12013
1999-04-28T00:00:00Z;11915
1999-04-29T00:00:00Z;11743
1999-04-30T00:00:00Z;11417
1999-05-01T00:00:00Z;8522
1999-05-02T00:00:00Z;7537
1999-05-03T00:00:00Z;10972
1999-05-04T00:00:00Z;12455
1999-05-05T00:00:00Z;12278
1999-05-06T00:00:00Z;12267
1999-05-07T00:00:00Z;11857
1999-05-08T00:00:00Z;8314
1999-05-09T00:00:00Z;7630
1999-05-10T00:00:00Z;11158
1999-05-11T00:00:00Z;12316
1999-05-12T00:00:00Z;12111
1999-05-13T00:00:00Z;11801
1999-05-14T00:00:00Z;11874
1999-05-15T00:00:00Z;8492
1999-05-16T00:00:00Z;7600
1999-05-17T00:00:00Z;11106
1999-05-18T00:00:00Z;12438
1999-05-19T00:00:00Z;11758
1999-05-20T00:00:00Z;11944
1999-05-21T00:00:00Z;11895
1999-05-22T00:00:00Z;8558
1999-05-23T00:00:00Z;7700
1999-05-24T00:00:00Z;11340
1999-05-25T00:00:00Z;12833
1999-05-26T00:00:00Z;12346
1999-05-27T00:00:00Z;12640
1999-05-28T00:00:00Z;12405
1999-05-29T00:00:00Z;8875
1999-05-30T00:00:00Z;7661
1999-05-31T00:00:00Z;7843
1999-06-01T00:00:00Z;11583
1999-06-02T00:00:00Z;12961
1999-06-03T00:00:00Z;12796
1999-06-04T00:00:00Z;12340
1999-06-05T00:00:00Z;8814
1999-06-06T00:00:00Z;7691
1999-06-07T00:00:00Z;11105
1999-06-08T00:00:00Z;12338
1999-06-09T00:00:00Z;12010
1999-06-10T00:00:00Z;12259
1999-06-11T00:00:00Z;12028
1999-06-12T00:00:00Z;8654
1999-06-13T00:00:00Z;7648
1999-06-14T00:00:00Z;11145
1999-06-15T00:00:00Z;12525
1999-06-16T00:00:00Z;12089
1999-06-17T00:00:00Z;12069
1999-06-18T00:00:00Z;11861
1999-06-19T00:00:00Z;8621
1999-06-20T00:00:00Z;7675
1999-06-21T00:00:00Z;11492
1999-06-22T00:00:00Z;12527
1999-06-23T00:00:00Z;12130
1999-06-24T00:00:00Z;12343
1999-06-25T00:00:00Z;11768
1999-06-26T00:00:00Z;8922
1999-06-27T00:00:00Z;7968
1999-06-28T00:00:00Z;11506
1999-06-29T00:00:00Z;12853
1999-06-30T00:00:00Z;12480
1999-07-01T00:00:00Z;12828
1999-07-02T00:00:00Z;12525
1999-07-03T00:00:00Z;8764
1999-07-04T00:00:00Z;7973
1999-07-05T00:00:00Z;8413
1999-07-06T00:00:00Z;11799
1999-07-07T00:00:00Z;13343
1999-07-08T00:00:00Z;13245
1999-07-09T00:00:00Z;12566
1999-07-10T00:00:00Z;9196
1999-07-11T00:00:00Z;7882
1999-07-12T00:00:00Z;11489
1999-07-13T00:00:00Z;12646
1999-07-14T00:00:00Z;12631
1999-07-15T00:00:00Z;12795
1999-07-16T00:00:00Z;12582
1999-07-17T00:00:00Z;9034
1999-07-18T00:00:00Z;8025
1999-07-19T00:00:00Z;11556
1999-07-20T00:00:00Z;12849
1999-07-21T00:00:00Z;12685
1999-07-22T00:00:00Z;12945
1999-07-23T00:00:00Z;12674
1999-07-24T00:00:00Z;9258
1999-07-25T00:00:00Z;8182
1999-07-26T00:00:00Z;11687
1999-07-27T00:00:00Z;12903
1999-07-28T00:00:00Z;12803
1999-07-29T00:00:00Z;12840
1999-07-30T00:00:00Z;12537
1999-07-31T00:00:00Z;9157
1999-08-01T00:00:00Z;8167
1999-08-02T00:00:00Z;11663
1999-08-03T00:00:00Z;12660
1999-08-04T00:00:00Z;12564
1999-08-05T00:00:00Z;12587
1999-08-06T00:00:00Z;12448
1999-08-07T00:00:00Z;9070
1999-08-08T00:00:00Z;8074
1999-08-09T00:00:00Z;11408
1999-08-10T00:00:00Z;13035
1999-08-11T00:00:00Z;12572
1999-08-12T00:00:00Z;13103
1999-08-13T00:00:00Z;11924
1999-08-14T00:00:00Z;9143
1999-08-15T00:00:00Z;8190
1999-08-16T00:00:00Z;11753
1999-08-17T00:00:00Z;13201
1999-08-18T00:00:00Z;12833
1999-08-19T00:00:00Z;12783
1999-08-20T00:00:00Z;12764
1999-08-21T00:00:00Z;9114
1999-08-22T00:00:00Z;7964
1999-08-23T00:00:00Z;11673
1999-08-24T00:00:00Z;13035
1999-08-25T00:00:00Z;12595
1999-08-26T00:00:00Z;12628
1999-08-27T00:00:00Z;12570
1999-08-28T00:00:00Z;9387
1999-08-29T00:00:00Z;8203
1999-08-30T00:00:00Z;11568
1999-08-31T00:00:00Z;12692
1999-09-01T00:00:00Z;12572
1999-09-02T00:00:00Z;12896
1999-09-03T00:00:00Z;12914
1999-09-04T00:00:00Z;8953
1999-09-05T00:00:00Z;8203
1999-09-06T00:00:00Z;8249
1999-09-07T00:00:00Z;11969
1999-09-08T00:00:00Z;13437
1999-09-09T00:00:00Z;14540
1999-09-10T00:00:00Z;13181
1999-09-11T00:00:00Z;9634
1999-09-12T00:00:00Z;8463
1999-09-13T00:00:00Z;11481
1999-09-14T00:00:00Z;12770
1999-09-15T00:00:00Z;12880
1999-09-16T00:00:00Z;12843
1999-09-17T00:00:00Z;13142
1999-09-18T00:00:00Z;9599
1999-09-19T00:00:00Z;8559
1999-09-20T00:00:00Z;11961
1999-09-21T00:00:00Z;13384
1999-09-22T00:00:00Z;12994
1999-09-23T00:00:00Z;13149
1999-09-24T00:00:00Z;13009
1999-09-25T00:00:00Z;9568
1999-09-26T00:00:00Z;8290
1999-09-27T00:00:00Z;12103
1999-09-28T00:00:00Z;13358
1999-09-29T00:00:00Z;12785
1999-09-30T00:00:00Z;12523
1999-10-01T00:00:00Z;12544
1999-10-02T00:00:00Z;9099
1999-10-03T00:00:00Z;7888
1999-10-04T00:00:00Z;11506
1999-10-05T00:00:00Z;12871
1999-10-06T00:00:00Z;12534
1999-10-07T00:00:00Z;12306
1999-10-08T00:00:00Z;12341
1999-10-09T00:00:00Z;8804
1999-10-10T00:00:00Z;7835
1999-10-11T00:00:00Z;11203
1999-10-12T00:00:00Z;12442
1999-10-13T00:00:00Z;12041
1999-10-14T00:00:00Z;12115
1999-10-15T00:00:00Z;12187
1999-10-16T00:00:00Z;8594
1999-10-17T00:00:00Z;7562
1999-10-18T00:00:00Z;11021
1999-10-19T00:00:00Z;12354
1999-10-20T00:00:00Z;11830
1999-10-21T00:00:00Z;11960
1999-10-22T00:00:00Z;11912
1999-10-23T00:00:00Z;8404
1999-10-24T00:00:00Z;7465
1999-10-25T00:00:00Z;11077
1999-10-26T00:00:00Z;12221
1999-10-27T00:00:00Z;11654
1999-10-28T00:00:00Z;11693
1999-10-29T00:00:00Z;11534
1999-10-30T00:00:00Z;8488
1999-10-31T00:00:00Z;7495
1999-11-01T00:00:00Z;10839
1999-11-02T00:00:00Z;12098
1999-11-03T00:00:00Z;11803
1999-11-04T00:00:00Z;11806
1999-11-05T00:00:00Z;11868
1999-11-06T00:00:00Z;8533
1999-11-07T00:00:00Z;7481
1999-11-08T00:00:00Z;11049
1999-11-09T00:00:00Z;12092
1999-11-10T00:00:00Z;11632
1999-11-11T00:00:00Z;11802
1999-11-12T00:00:00Z;11556
1999-11-13T00:00:00Z;8349
1999-11-14T00:00:00Z;7526
1999-11-15T00:00:00Z;10928
1999-11-16T00:00:00Z;12263
1999-11-17T00:00:00Z;11665
1999-11-18T00:00:00Z;11908
1999-11-19T00:00:00Z;12128
1999-11-20T00:00:00Z;8630
1999-11-21T00:00:00Z;7514
1999-11-22T00:00:00Z;12104
1999-11-23T00:00:00Z;12804
1999-11-24T00:00:00Z;11409
1999-11-25T00:00:00Z;7529
1999-11-26T00:00:00Z;8892
1999-11-27T00:00:00Z;8024
1999-11-28T00:00:00Z;7418
1999-11-29T00:00:00Z;11095
1999-11-30T00:00:00Z;12544
1999-12-01T00:00:00Z;12282
1999-12-02T00:00:00Z;11976
1999-12-03T00:00:00Z;11591
1999-12-04T00:00:00Z;8333
1999-12-05T00:00:00Z;7503
1999-12-06T00:00:00Z;10956
1999-12-07T00:00:00Z;12329
1999-12-08T00:00:00Z;11849
1999-12-09T00:00:00Z;11728
1999-12-10T00:00:00Z;11459
1999-12-11T00:00:00Z;8442
1999-12-12T00:00:00Z;7528
1999-12-13T00:00:00Z;10830
1999-12-14T00:00:00Z;12667
1999-12-15T00:00:00Z;12623
1999-12-16T00:00:00Z;12441
1999-12-17T00:00:00Z;12453
1999-12-18T00:00:00Z;8979
1999-12-19T00:00:00Z;7732
1999-12-20T00:00:00Z;12497
1999-12-21T00:00:00Z;13508
1999-12-22T00:00:00Z;12166
1999-12-23T00:00:00Z;10591
1999-12-24T00:00:00Z;8046
1999-12-25T00:00:00Z;6674
1999-12-26T00:00:00Z;7432
1999-12-27T00:00:00Z;11579
1999-12-28T00:00:00Z;13158
1999-12-29T00:00:00Z;12629
1999-12-30T00:00:00Z;11935
1999-12-31T00:00:00Z;9335
2000-01-01T00:00:00Z;8843
2000-01-02T00:00:00Z;7816
2000-01-03T00:00:00Z;11123
2000-01-04T00:00:00Z;12703
2000-01-05T00:00:00Z;12240
2000-01-06T00:00:00Z;12260
2000-01-07T00:00:00Z;12280
2000-01-08T00:00:00Z;8750
2000-01-09T00:00:00Z;7736
2000-01-10T00:00:00Z;11418
2000-01-11T00:00:00Z;12323
2000-01-12T00:00:00Z;12057
2000-01-13T00:00:00Z;11556
2000-01-14T00:00:00Z;11924
2000-01-15T00:00:00Z;8365
2000-01-16T00:00:00Z;7499
2000-01-17T00:00:00Z;10601
2000-01-18T00:00:00Z;12086
2000-01-19T00:00:00Z;12083
2000-01-20T00:00:00Z;12188
2000-01-21T00:00:00Z;11667
2000-01-22T00:00:00Z;8633
2000-01-23T00:00:00Z;7712
2000-01-24T00:00:00Z;11184
2000-01-25T00:00:00Z;12253
2000-01-26T00:00:00Z;11879
2000-01-27T00:00:00Z;12136
2000-01-28T00:00:00Z;11673
2000-01-29T00:00:00Z;8635
2000-01-30T00:00:00Z;7603
2000-01-31T00:00:00Z;10882
2000-02-01T00:00:00Z;12359
2000-02-02T00:00:00Z;12082
2000-02-03T00:00:00Z;11806
2000-02-04T00:00:00Z;11828
2000-02-05T00:00:00Z;8474
2000-02-06T00:00:00Z;7730
2000-02-07T00:00:00Z;11375
2000-02-08T00:00:00Z;12591
2000-02-09T00:00:00Z;12024
2000-02-10T00:00:00Z;12339
2000-02-11T00:00:00Z;12182
2000-02-12T00:00:00Z;8674
2000-02-13T00:00:00Z;7801
2000-02-14T00:00:00Z;11920
2000-02-15T00:00:00Z;12711
2000-02-16T00:00:00Z;12256
2000-02-17T00:00:00Z;12274
2000-02-18T00:00:00Z;12162
2000-02-19T00:00:00Z;8693
2000-02-20T00:00:00Z;7763
2000-02-21T00:00:00Z;10406
2000-02-22T00:00:00Z;12401
2000-02-23T00:00:00Z;11972
2000-02-24T00:00:00Z;12160
2000-02-25T00:00:00Z;11971
2000-02-26T00:00:00Z;8847
2000-02-27T00:00:00Z;7716
2000-02-28T00:00:00Z;11215
2000-02-29T00:00:00Z;11645
2000-03-01T00:00:00Z;12407
2000-03-02T00:00:00Z;12261
2000-03-03T00:00:00Z;12120
2000-03-04T00:00:00Z;8861
2000-03-05T00:00:00Z;7599
2000-03-06T00:00:00Z;11122
2000-03-07T00:00:00Z;12133
2000-03-08T00:00:00Z;12061
2000-03-09T00:00:00Z;12303
2000-03-10T00:00:00Z;11898
2000-03-11T00:00:00Z;8657
2000-03-12T00:00:00Z;7762
2000-03-13T00:00:00Z;10946
2000-03-14T00:00:00Z;12523
2000-03-15T00:00:00Z;12114
2000-03-16T00:00:00Z;12154
2000-03-17T00:00:00Z;12147
2000-03-18T00:00:00Z;8502
2000-03-19T00:00:00Z;7623
2000-03-20T00:00:00Z;11281
2000-03-21T00:00:00Z;12370
2000-03-22T00:00:00Z;12047
2000-03-23T00:00:00Z;12168
2000-03-24T00:00:00Z;12104
2000-03-25T00:00:00Z;8975
2000-03-26T00:00:00Z;7675
2000-03-27T00:00:00Z;11051
2000-03-28T00:00:00Z;12394
2000-03-29T00:00:00Z;11806
2000-03-30T00:00:00Z;11851
2000-03-31T00:00:00Z;11638
2000-04-01T00:00:00Z;8238
2000-04-02T00:00:00Z;7419
2000-04-03T00:00:00Z;11178
2000-04-04T00:00:00Z;12523
2000-04-05T00:00:00Z;11946
2000-04-06T00:00:00Z;11929
2000-04-07T00:00:00Z;12004
2000-04-08T00:00:00Z;8583
2000-04-09T00:00:00Z;7628
2000-04-10T00:00:00Z;11108
2000-04-11T00:00:00Z;12567
2000-04-12T00:00:00Z;12241
2000-04-13T00:00:00Z;11677
2000-04-14T00:00:00Z;11829
2000-04-15T00:00:00Z;8718
2000-04-16T00:00:00Z;7725
2000-04-17T00:00:00Z;11115
2000-04-18T00:00:00Z;12525
2000-04-19T00:00:00Z;12251
2000-04-20T00:00:00Z;12055
2000-04-21T00:00:00Z;11080
2000-04-22T00:00:00Z;8233
2000-04-23T00:00:00Z;7375
2000-04-24T00:00:00Z;11109
2000-04-25T00:00:00Z;12237
2000-04-26T00:00:00Z;11994
2000-04-27T00:00:00Z;12013
2000-04-28T00:00:00Z;11785
2000-04-29T00:00:00Z;8580
2000-04-30T00:00:00Z;7515
2000-05-01T00:00:00Z;11399
2000-05-02T00:00:00Z;12692
2000-05-03T00:00:00Z;12017
2000-05-04T00:00:00Z;12212
2000-05-05T00:00:00Z;12252
2000-05-06T00:00:00Z;8689
2000-05-07T00:00:00Z;7675
2000-05-08T00:00:00Z;11384
2000-05-09T00:00:00Z;12470
2000-05-10T00:00:00Z;12342
2000-05-11T00:00:00Z;12185
2000-05-12T00:00:00Z;11928
2000-05-13T00:00:00Z;8569
2000-05-14T00:00:00Z;7495
2000-05-15T00:00:00Z;11316
2000-05-16T00:00:00Z;12581
2000-05-17T00:00:00Z;12487
2000-05-18T00:00:00Z;12336
2000-05-19T00:00:00Z;11961
2000-05-20T00:00:00Z;8476
2000-05-21T00:00:00Z;7741
2000-05-22T00:00:00Z;11365
2000-05-23T00:00:00Z;12806
2000-05-24T00:00:00Z;12427
2000-05-25T00:00:00Z;12752
2000-05-26T00:00:00Z;12503
2000-05-27T00:00:00Z;8866
2000-05-28T00:00:00Z;7758
2000-05-29T00:00:00Z;8099
2000-05-30T00:00:00Z;11699
2000-05-31T00:00:00Z;12725
2000-06-01T00:00:00Z;13114
2000-06-02T00:00:00Z;12428
2000-06-03T00:00:00Z;8776
2000-06-04T00:00:00Z;7860
2000-06-05T00:00:00Z;11458
2000-06-06T00:00:00Z;12434
2000-06-07T00:00:00Z;12217
2000-06-08T00:00:00Z;12508
2000-06-09T00:00:00Z;12275
2000-06-10T00:00:00Z;8956
2000-06-11T00:00:00Z;7961
2000-06-12T00:00:00Z;11580
2000-06-13T00:00:00Z;12416
2000-06-14T00:00:00Z;12599
2000-06-15T00:00:00Z;12528
2000-06-16T00:00:00Z;12524
2000-06-17T00:00:00Z;8981
2000-06-18T00:00:00Z;8024
2000-06-19T00:00:00Z;11425
2000-06-20T00:00:00Z;12764
2000-06-21T00:00:00Z;12497
2000-06-22T00:00:00Z;12561
2000-06-23T00:00:00Z;12364
2000-06-24T00:00:00Z;8952
2000-06-25T00:00:00Z;8057
2000-06-26T00:00:00Z;11914
2000-06-27T00:00:00Z;13103
2000-06-28T00:00:00Z;12776
2000-06-29T00:00:00Z;13184
2000-06-30T00:00:00Z;12970
2000-07-01T00:00:00Z;9215
2000-07-02T00:00:00Z;7933
2000-07-03T00:00:00Z;11080
2000-07-04T00:00:00Z;9394
2000-07-05T00:00:00Z;12078
2000-07-06T00:00:00Z;13558
2000-07-07T00:00:00Z;13372
2000-07-08T00:00:00Z;9479
2000-07-09T00:00:00Z;8435
2000-07-10T00:00:00Z;12161
2000-07-11T00:00:00Z;13267
2000-07-12T00:00:00Z;12543
2000-07-13T00:00:00Z;12684
2000-07-14T00:00:00Z;12941
2000-07-15T00:00:00Z;9392
2000-07-16T00:00:00Z;8313
2000-07-17T00:00:00Z;11876
2000-07-18T00:00:00Z;13354
2000-07-19T00:00:00Z;12718
2000-07-20T00:00:00Z;12855
2000-07-21T00:00:00Z;12767
2000-07-22T00:00:00Z;9269
2000-07-23T00:00:00Z;8011
2000-07-24T00:00:00Z;11916
2000-07-25T00:00:00Z;12943
2000-07-26T00:00:00Z;12700
2000-07-27T00:00:00Z;12849
2000-07-28T00:00:00Z;12654
2000-07-29T00:00:00Z;9303
2000-07-30T00:00:00Z;8289
2000-07-31T00:00:00Z;11626
2000-08-01T00:00:00Z;13081
2000-08-02T00:00:00Z;12489
2000-08-03T00:00:00Z;12834
2000-08-04T00:00:00Z;12681
2000-08-05T00:00:00Z;9236
2000-08-06T00:00:00Z;8201
2000-08-07T00:00:00Z;11628
2000-08-08T00:00:00Z;13334
2000-08-09T00:00:00Z;12926
2000-08-10T00:00:00Z;12694
2000-08-11T00:00:00Z;12478
2000-08-12T00:00:00Z;9072
2000-08-13T00:00:00Z;8174
2000-08-14T00:00:00Z;11638
2000-08-15T00:00:00Z;13067
2000-08-16T00:00:00Z;12876
2000-08-17T00:00:00Z;12828
2000-08-18T00:00:00Z;12839
2000-08-19T00:00:00Z;9102
2000-08-20T00:00:00Z;8122
2000-08-21T00:00:00Z;11711
2000-08-22T00:00:00Z;13172
2000-08-23T00:00:00Z;12685
2000-08-24T00:00:00Z;12737
2000-08-25T00:00:00Z;12623
2000-08-26T00:00:00Z;9193
2000-08-27T00:00:00Z;8086
2000-08-28T00:00:00Z;11794
2000-08-29T00:00:00Z;12922
2000-08-30T00:00:00Z;12805
2000-08-31T00:00:00Z;13052
2000-09-01T00:00:00Z;12826
2000-09-02T00:00:00Z;9066
2000-09-03T00:00:00Z;8080
2000-09-04T00:00:00Z;8412
2000-09-05T00:00:00Z;11871
2000-09-06T00:00:00Z;13577
2000-09-07T00:00:00Z;13194
2000-09-08T00:00:00Z;13166
2000-09-09T00:00:00Z;9617
2000-09-10T00:00:00Z;8354
2000-09-11T00:00:00Z;12091
2000-09-12T00:00:00Z;13263
2000-09-13T00:00:00Z;12965
2000-09-14T00:00:00Z;13432
2000-09-15T00:00:00Z;13245
2000-09-16T00:00:00Z;9580
2000-09-17T00:00:00Z;8512
2000-09-18T00:00:00Z;12244
2000-09-19T00:00:00Z;13533
2000-09-20T00:00:00Z;13384
2000-09-21T00:00:00Z;13050
2000-09-22T00:00:00Z;12893
2000-09-23T00:00:00Z;9304
2000-09-24T00:00:00Z;8392
2000-09-25T00:00:00Z;12150
2000-09-26T00:00:00Z;13210
2000-09-27T00:00:00Z;13137
2000-09-28T00:00:00Z;13202
2000-09-29T00:00:00Z;12724
2000-09-30T00:00:00Z;9135
2000-10-01T00:00:00Z;8279
2000-10-02T00:00:00Z;11905
2000-10-03T00:00:00Z;12969
2000-10-04T00:00:00Z;12841
2000-10-05T00:00:00Z;12943
2000-10-06T00:00:00Z;12491
2000-10-07T00:00:00Z;8925
2000-10-08T00:00:00Z;7956
2000-10-09T00:00:00Z;11022
2000-10-10T00:00:00Z;12750
2000-10-11T00:00:00Z;12564
2000-10-12T00:00:00Z;12756
2000-10-13T00:00:00Z;11468
2000-10-14T00:00:00Z;8985
2000-10-15T00:00:00Z;7972
2000-10-16T00:00:00Z;11702
2000-10-17T00:00:00Z;12805
2000-10-18T00:00:00Z;12470
2000-10-19T00:00:00Z;12195
2000-10-20T00:00:00Z;12146
2000-10-21T00:00:00Z;8765
2000-10-22T00:00:00Z;7772
2000-10-23T00:00:00Z;11526
2000-10-24T00:00:00Z;12685
2000-10-25T00:00:00Z;12463
2000-10-26T00:00:00Z;12475
2000-10-27T00:00:00Z;12051
2000-10-28T00:00:00Z;8790
2000-10-29T00:00:00Z;7954
2000-10-30T00:00:00Z;11227
2000-10-31T00:00:00Z;11069
2000-11-01T00:00:00Z;12579
2000-11-02T00:00:00Z;12734
2000-11-03T00:00:00Z;12329
2000-11-04T00:00:00Z;8853
2000-11-05T00:00:00Z;7890
2000-11-06T00:00:00Z;11520
2000-11-07T00:00:00Z;12592
2000-11-08T00:00:00Z;12506
2000-11-09T00:00:00Z;12502
2000-11-10T00:00:00Z;12300
2000-11-11T00:00:00Z;9052
2000-11-12T00:00:00Z;7874
2000-11-13T00:00:00Z;11129
2000-11-14T00:00:00Z;12776
2000-11-15T00:00:00Z;12623
2000-11-16T00:00:00Z;12706
2000-11-17T00:00:00Z;12606
2000-11-18T00:00:00Z;8906
2000-11-19T00:00:00Z;7872
2000-11-20T00:00:00Z;12625
2000-11-21T00:00:00Z;13672
2000-11-22T00:00:00Z;12038
2000-11-23T00:00:00Z;7939
2000-11-24T00:00:00Z;9539
2000-11-25T00:00:00Z;8320
2000-11-26T00:00:00Z;7793
2000-11-27T00:00:00Z;11831
2000-11-28T00:00:00Z;13446
2000-11-29T00:00:00Z;12786
2000-11-30T00:00:00Z;12473
2000-12-01T00:00:00Z;12219
2000-12-02T00:00:00Z;8622
2000-12-03T00:00:00Z;7748
2000-12-04T00:00:00Z;11176
2000-12-05T00:00:00Z;12607
2000-12-06T00:00:00Z;12363
2000-12-07T00:00:00Z;12498
2000-12-08T00:00:00Z;12263
2000-12-09T00:00:00Z;8635
2000-12-10T00:00:00Z;7807
2000-12-11T00:00:00Z;11506
2000-12-12T00:00:00Z;13189
2000-12-13T00:00:00Z;12214
2000-12-14T00:00:00Z;12313
2000-12-15T00:00:00Z;12368
2000-12-16T00:00:00Z;8981
2000-12-17T00:00:00Z;7845
2000-12-18T00:00:00Z;12276
2000-12-19T00:00:00Z;13430
2000-12-20T00:00:00Z;13391
2000-12-21T00:00:00Z;13146
2000-12-22T00:00:00Z;11937
2000-12-23T00:00:00Z;8294
2000-12-24T00:00:00Z;6801
2000-12-25T00:00:00Z;6566
2000-12-26T00:00:00Z;10070
2000-12-27T00:00:00Z;12858
2000-12-28T00:00:00Z;13532
2000-12-29T00:00:00Z;13234
2000-12-30T00:00:00Z;9177
2000-12-31T00:00:00Z;7721
2001-01-01T00:00:00Z;7437
2001-01-02T00:00:00Z;10346
2001-01-03T00:00:00Z;12113
2001-01-04T00:00:00Z;12429
2001-01-05T00:00:00Z;12427
2001-01-06T00:00:00Z;9019
2001-01-07T00:00:00Z;7747
2001-01-08T00:00:00Z;11239
2001-01-09T00:00:00Z;12105
2001-01-10T00:00:00Z;12160
2001-01-11T00:00:00Z;12155
2001-01-12T00:00:00Z;12464
2001-01-13T00:00:00Z;8647
2001-01-14T00:00:00Z;7674
2001-01-15T00:00:00Z;10720
2001-01-16T00:00:00Z;12041
2001-01-17T00:00:00Z;12046
2001-01-18T00:00:00Z;12362
2001-01-19T00:00:00Z;12044
2001-01-20T00:00:00Z;8602
2001-01-21T00:00:00Z;7668
2001-01-22T00:00:00Z;11219
2001-01-23T00:00:00Z;12176
2001-01-24T00:00:00Z;12046
2001-01-25T00:00:00Z;12316
2001-01-26T00:00:00Z;11993
2001-01-27T00:00:00Z;8640
2001-01-28T00:00:00Z;7641
2001-01-29T00:00:00Z;11269
2001-01-30T00:00:00Z;12237
2001-01-31T00:00:00Z;12216
2001-02-01T00:00:00Z;12186
2001-02-02T00:00:00Z;12188
2001-02-03T00:00:00Z;8476
2001-02-04T00:00:00Z;7608
2001-02-05T00:00:00Z;11546
2001-02-06T00:00:00Z;12247
2001-02-07T00:00:00Z;12091
2001-02-08T00:00:00Z;12147
2001-02-09T00:00:00Z;12086
2001-02-10T00:00:00Z;8637
2001-02-11T00:00:00Z;7437
2001-02-12T00:00:00Z;11413
2001-02-13T00:00:00Z;12012
2001-02-14T00:00:00Z;12890
2001-02-15T00:00:00Z;12407
2001-02-16T00:00:00Z;12119
2001-02-17T00:00:00Z;8474
2001-02-18T00:00:00Z;7422
2001-02-19T00:00:00Z;10356
2001-02-20T00:00:00Z;12113
2001-02-21T00:00:00Z;12206
2001-02-22T00:00:00Z;12234
2001-02-23T00:00:00Z;12040
2001-02-24T00:00:00Z;8491
2001-02-25T00:00:00Z;7646
2001-02-26T00:00:00Z;11073
2001-02-27T00:00:00Z;12068
2001-02-28T00:00:00Z;11921
2001-03-01T00:00:00Z;12263
2001-03-02T00:00:00Z;12128
2001-03-03T00:00:00Z;8761
2001-03-04T00:00:00Z;7675
2001-03-05T00:00:00Z;11182
2001-03-06T00:00:00Z;12052
2001-03-07T00:00:00Z;12094
2001-03-08T00:00:00Z;12194
2001-03-09T00:00:00Z;12242
2001-03-10T00:00:00Z;8679
2001-03-11T00:00:00Z;7564
2001-03-12T00:00:00Z;11366
2001-03-13T00:00:00Z;12273
2001-03-14T00:00:00Z;12367
2001-03-15T00:00:00Z;12286
2001-03-16T00:00:00Z;12248
2001-03-17T00:00:00Z;8850
2001-03-18T00:00:00Z;7399
2001-03-19T00:00:00Z;11099
2001-03-20T00:00:00Z;12574
2001-03-21T00:00:00Z;12394
2001-03-22T00:00:00Z;12262
2001-03-23T00:00:00Z;12213
2001-03-24T00:00:00Z;8683
2001-03-25T00:00:00Z;7689
2001-03-26T00:00:00Z;11042
2001-03-27T00:00:00Z;12328
2001-03-28T00:00:00Z;12175
2001-03-29T00:00:00Z;12166
2001-03-30T00:00:00Z;11855
2001-03-31T00:00:00Z;8581
2001-04-01T00:00:00Z;7037
2001-04-02T00:00:00Z;11430
2001-04-03T00:00:00Z;12578
2001-04-04T00:00:00Z;12409
2001-04-05T00:00:00Z;12233
2001-04-06T00:00:00Z;12221
2001-04-07T00:00:00Z;8626
2001-04-08T00:00:00Z;7594
2001-04-09T00:00:00Z;11349
2001-04-10T00:00:00Z;12745
2001-04-11T00:00:00Z;12631
2001-04-12T00:00:00Z;12511
2001-04-13T00:00:00Z;10741
2001-04-14T00:00:00Z;8102
2001-04-15T00:00:00Z;7080
2001-04-16T00:00:00Z;11002
2001-04-17T00:00:00Z;12636
2001-04-18T00:00:00Z;12151
2001-04-19T00:00:00Z;11942
2001-04-20T00:00:00Z;12047
2001-04-21T00:00:00Z;8671
2001-04-22T00:00:00Z;7643
2001-04-23T00:00:00Z;11462
2001-04-24T00:00:00Z;12720
2001-04-25T00:00:00Z;12444
2001-04-26T00:00:00Z;12309
2001-04-27T00:00:00Z;12154
2001-04-28T00:00:00Z;8474
2001-04-29T00:00:00Z;7481
2001-04-30T00:00:00Z;11190
2001-05-01T00:00:00Z;12745
2001-05-02T00:00:00Z;12289
2001-05-03T00:00:00Z;12302
2001-05-04T00:00:00Z;12062
2001-05-05T00:00:00Z;8632
2001-05-06T00:00:00Z;7861
2001-05-07T00:00:00Z;11432
2001-05-08T00:00:00Z;12751
2001-05-09T00:00:00Z;12225
2001-05-10T00:00:00Z;12398
2001-05-11T00:00:00Z;12117
2001-05-12T00:00:00Z;8537
2001-05-13T00:00:00Z;7370
2001-05-14T00:00:00Z;11343
2001-05-15T00:00:00Z;12829
2001-05-16T00:00:00Z;12373
2001-05-17T00:00:00Z;12426
2001-05-18T00:00:00Z;12132
2001-05-19T00:00:00Z;8658
2001-05-20T00:00:00Z;7597
2001-05-21T00:00:00Z;11398
2001-05-22T00:00:00Z;12785
2001-05-23T00:00:00Z;12662
2001-05-24T00:00:00Z;12932
2001-05-25T00:00:00Z;12504
2001-05-26T00:00:00Z;8790
2001-05-27T00:00:00Z;7409
2001-05-28T00:00:00Z;7810
2001-05-29T00:00:00Z;11754
2001-05-30T00:00:00Z;13112
2001-05-31T00:00:00Z;12782
2001-06-01T00:00:00Z;12426
2001-06-02T00:00:00Z;8753
2001-06-03T00:00:00Z;7762
2001-06-04T00:00:00Z;11239
2001-06-05T00:00:00Z;12401
2001-06-06T00:00:00Z;12507
2001-06-07T00:00:00Z;12333
2001-06-08T00:00:00Z;12231
2001-06-09T00:00:00Z;8604
2001-06-10T00:00:00Z;7559
2001-06-11T00:00:00Z;11521
2001-06-12T00:00:00Z;12894
2001-06-13T00:00:00Z;12102
2001-06-14T00:00:00Z;12429
2001-06-15T00:00:00Z;12192
2001-06-16T00:00:00Z;8631
2001-06-17T00:00:00Z;7607
2001-06-18T00:00:00Z;11559
2001-06-19T00:00:00Z;12517
2001-06-20T00:00:00Z;12452
2001-06-21T00:00:00Z;12323
2001-06-22T00:00:00Z;12068
2001-06-23T00:00:00Z;8304
2001-06-24T00:00:00Z;7501
2001-06-25T00:00:00Z;11363
2001-06-26T00:00:00Z;12638
2001-06-27T00:00:00Z;12560
2001-06-28T00:00:00Z;12830
2001-06-29T00:00:00Z;12683
2001-06-30T00:00:00Z;9096
2001-07-01T00:00:00Z;7953
2001-07-02T00:00:00Z;12154
2001-07-03T00:00:00Z;13081
2001-07-04T00:00:00Z;9450
2001-07-05T00:00:00Z;12264
2001-07-06T00:00:00Z;12901
2001-07-07T00:00:00Z;9357
2001-07-08T00:00:00Z;8121
2001-07-09T00:00:00Z;11794
2001-07-10T00:00:00Z;13317
2001-07-11T00:00:00Z;12690
2001-07-12T00:00:00Z;12949
2001-07-13T00:00:00Z;11978
2001-07-14T00:00:00Z;9112
2001-07-15T00:00:00Z;7922
2001-07-16T00:00:00Z;12160
2001-07-17T00:00:00Z;13357
2001-07-18T00:00:00Z;12970
2001-07-19T00:00:00Z;13031
2001-07-20T00:00:00Z;12697
2001-07-21T00:00:00Z;9189
2001-07-22T00:00:00Z;7961
2001-07-23T00:00:00Z;11836
2001-07-24T00:00:00Z;13239
2001-07-25T00:00:00Z;12785
2001-07-26T00:00:00Z;12784
2001-07-27T00:00:00Z;12441
2001-07-28T00:00:00Z;8952
2001-07-29T00:00:00Z;7787
2001-07-30T00:00:00Z;11912
2001-07-31T00:00:00Z;12903
2001-08-01T00:00:00Z;12654
2001-08-02T00:00:00Z;12846
2001-08-03T00:00:00Z;12619
2001-08-04T00:00:00Z;8993
2001-08-05T00:00:00Z;7948
2001-08-06T00:00:00Z;11735
2001-08-07T00:00:00Z;13198
2001-08-08T00:00:00Z;12884
2001-08-09T00:00:00Z;13080
2001-08-10T00:00:00Z;12833
2001-08-11T00:00:00Z;9100
2001-08-12T00:00:00Z;8130
2001-08-13T00:00:00Z;11446
2001-08-14T00:00:00Z;13037
2001-08-15T00:00:00Z;13005
2001-08-16T00:00:00Z;13126
2001-08-17T00:00:00Z;12871
2001-08-18T00:00:00Z;9097
2001-08-19T00:00:00Z;7809
2001-08-20T00:00:00Z;12030
2001-08-21T00:00:00Z;13236
2001-08-22T00:00:00Z;12855
2001-08-23T00:00:00Z;12918
2001-08-24T00:00:00Z;12736
2001-08-25T00:00:00Z;9048
2001-08-26T00:00:00Z;7977
2001-08-27T00:00:00Z;11844
2001-08-28T00:00:00Z;13465
2001-08-29T00:00:00Z;12873
2001-08-30T00:00:00Z;13232
2001-08-31T00:00:00Z;13177
2001-09-01T00:00:00Z;9090
2001-09-02T00:00:00Z;8056
2001-09-03T00:00:00Z;7950
2001-09-04T00:00:00Z;12219
2001-09-05T00:00:00Z;13730
2001-09-06T00:00:00Z;13658
2001-09-07T00:00:00Z;13465
2001-09-08T00:00:00Z;9200
2001-09-09T00:00:00Z;8184
2001-09-10T00:00:00Z;12227
2001-09-11T00:00:00Z;13238
2001-09-12T00:00:00Z;12818
2001-09-13T00:00:00Z;12857
2001-09-14T00:00:00Z;13211
2001-09-15T00:00:00Z;9470
2001-09-16T00:00:00Z;8175
2001-09-17T00:00:00Z;12412
2001-09-18T00:00:00Z;13233
2001-09-19T00:00:00Z;13244
2001-09-20T00:00:00Z;13435
2001-09-21T00:00:00Z;13034
2001-09-22T00:00:00Z;9397
2001-09-23T00:00:00Z;8341
2001-09-24T00:00:00Z;12292
2001-09-25T00:00:00Z;13695
2001-09-26T00:00:00Z;13131
2001-09-27T00:00:00Z;12965
2001-09-28T00:00:00Z;12925
2001-09-29T00:00:00Z;9043
2001-09-30T00:00:00Z;7869
2001-10-01T00:00:00Z;12109
2001-10-02T00:00:00Z;13189
2001-10-03T00:00:00Z;12756
2001-10-04T00:00:00Z;12960
2001-10-05T00:00:00Z;12589
2001-10-06T00:00:00Z;8725
2001-10-07T00:00:00Z;7621
2001-10-08T00:00:00Z;11298
2001-10-09T00:00:00Z;12580
2001-10-10T00:00:00Z;12515
2001-10-11T00:00:00Z;12304
2001-10-12T00:00:00Z;12460
2001-10-13T00:00:00Z;8526
2001-10-14T00:00:00Z;7611
2001-10-15T00:00:00Z;11394
2001-10-16T00:00:00Z;12477
2001-10-17T00:00:00Z;12297
2001-10-18T00:00:00Z;12316
2001-10-19T00:00:00Z;12121
2001-10-20T00:00:00Z;8563
2001-10-21T00:00:00Z;7331
2001-10-22T00:00:00Z;11446
2001-10-23T00:00:00Z;12571
2001-10-24T00:00:00Z;12364
2001-10-25T00:00:00Z;12220
2001-10-26T00:00:00Z;11996
2001-10-27T00:00:00Z;8292
2001-10-28T00:00:00Z;7522
2001-10-29T00:00:00Z;11143
2001-10-30T00:00:00Z;12177
2001-10-31T00:00:00Z;10601
2001-11-01T00:00:00Z;12559
2001-11-02T00:00:00Z;12056
2001-11-03T00:00:00Z;8434
2001-11-04T00:00:00Z;7392
2001-11-05T00:00:00Z;11402
2001-11-06T00:00:00Z;12345
2001-11-07T00:00:00Z;12109
2001-11-08T00:00:00Z;12233
2001-11-09T00:00:00Z;12185
2001-11-10T00:00:00Z;8529
2001-11-11T00:00:00Z;7458
2001-11-12T00:00:00Z;11423
2001-11-13T00:00:00Z;12066
2001-11-14T00:00:00Z;12258
2001-11-15T00:00:00Z;12636
2001-11-16T00:00:00Z;12708
2001-11-17T00:00:00Z;8559
2001-11-18T00:00:00Z;7371
2001-11-19T00:00:00Z;12487
2001-11-20T00:00:00Z;13252
2001-11-21T00:00:00Z;11818
2001-11-22T00:00:00Z;7363
2001-11-23T00:00:00Z;9332
2001-11-24T00:00:00Z;7916
2001-11-25T00:00:00Z;7290
2001-11-26T00:00:00Z;11498
2001-11-27T00:00:00Z;12930
2001-11-28T00:00:00Z;12207
2001-11-29T00:00:00Z;12180
2001-11-30T00:00:00Z;11750
2001-12-01T00:00:00Z;8038
2001-12-02T00:00:00Z;7216
2001-12-03T00:00:00Z;11275
2001-12-04T00:00:00Z;12293
2001-12-05T00:00:00Z;12307
2001-12-06T00:00:00Z;11892
2001-12-07T00:00:00Z;11424
2001-12-08T00:00:00Z;8189
2001-12-09T00:00:00Z;7333
2001-12-10T00:00:00Z;11345
2001-12-11T00:00:00Z;12407
2001-12-12T00:00:00Z;12510
2001-12-13T00:00:00Z;11948
2001-12-14T00:00:00Z;12143
2001-12-15T00:00:00Z;8447
2001-12-16T00:00:00Z;7309
2001-12-17T00:00:00Z;12049
2001-12-18T00:00:00Z;13300
2001-12-19T00:00:00Z;13072
2001-12-20T00:00:00Z;13558
2001-12-21T00:00:00Z;13185
2001-12-22T00:00:00Z;8879
2001-12-23T00:00:00Z;7082
2001-12-24T00:00:00Z;7448
2001-12-25T00:00:00Z;6443
2001-12-26T00:00:00Z;10735
2001-12-27T00:00:00Z;13762
2001-12-28T00:00:00Z;13918
2001-12-29T00:00:00Z;9365
2001-12-30T00:00:00Z;7679
2001-12-31T00:00:00Z;10018
2002-01-01T00:00:00Z;7790
2002-01-02T00:00:00Z;10420
2002-01-03T00:00:00Z;12134
2002-01-04T00:00:00Z;12433
2002-01-05T00:00:00Z;8760
2002-01-06T00:00:00Z;7505
2002-01-07T00:00:00Z;11371
2002-01-08T00:00:00Z;12248
2002-01-09T00:00:00Z;11391
2002-01-10T00:00:00Z;12318
2002-01-11T00:00:00Z;12048
2002-01-12T00:00:00Z;8399
2002-01-13T00:00:00Z;7355
2002-01-14T00:00:00Z;11344
2002-01-15T00:00:00Z;12101
2002-01-16T00:00:00Z;11697
2002-01-17T00:00:00Z;12077
2002-01-18T00:00:00Z;12015
2002-01-19T00:00:00Z;8301
2002-01-20T00:00:00Z;7338
2002-01-21T00:00:00Z;10741
2002-01-22T00:00:00Z;12104
2002-01-23T00:00:00Z;11970
2002-01-24T00:00:00Z;12235
2002-01-25T00:00:00Z;11867
2002-01-26T00:00:00Z;8400
2002-01-27T00:00:00Z;7387
2002-01-28T00:00:00Z;11139
2002-01-29T00:00:00Z;11963
2002-01-30T00:00:00Z;11902
2002-01-31T00:00:00Z;11921
2002-02-01T00:00:00Z;11943
2002-02-02T00:00:00Z;8799
2002-02-03T00:00:00Z;7322
2002-02-04T00:00:00Z;11176
2002-02-05T00:00:00Z;12242
2002-02-06T00:00:00Z;11934
2002-02-07T00:00:00Z;12157
2002-02-08T00:00:00Z;12223
2002-02-09T00:00:00Z;8589
2002-02-10T00:00:00Z;7461
2002-02-11T00:00:00Z;11348
2002-02-12T00:00:00Z;12467
2002-02-13T00:00:00Z;11814
2002-02-14T00:00:00Z;12785
2002-02-15T00:00:00Z;12334
2002-02-16T00:00:00Z;8563
2002-02-17T00:00:00Z;7310
2002-02-18T00:00:00Z;10729
2002-02-19T00:00:00Z;12053
2002-02-20T00:00:00Z;12516
2002-02-21T00:00:00Z;12166
2002-02-22T00:00:00Z;12459
2002-02-23T00:00:00Z;8515
2002-02-24T00:00:00Z;7372
2002-02-25T00:00:00Z;11322
2002-02-26T00:00:00Z;12227
2002-02-27T00:00:00Z;12055
2002-02-28T00:00:00Z;12096
2002-03-01T00:00:00Z;12214
2002-03-02T00:00:00Z;8310
2002-03-03T00:00:00Z;7497
2002-03-04T00:00:00Z;11422
2002-03-05T00:00:00Z;12435
2002-03-06T00:00:00Z;12152
2002-03-07T00:00:00Z;12299
2002-03-08T00:00:00Z;12037
2002-03-09T00:00:00Z;8470
2002-03-10T00:00:00Z;7529
2002-03-11T00:00:00Z;10989
2002-03-12T00:00:00Z;12384
2002-03-13T00:00:00Z;11810
2002-03-14T00:00:00Z;12358
2002-03-15T00:00:00Z;12249
2002-03-16T00:00:00Z;8596
2002-03-17T00:00:00Z;7526
2002-03-18T00:00:00Z;11434
2002-03-19T00:00:00Z;12439
2002-03-20T00:00:00Z;12278
2002-03-21T00:00:00Z;12249
2002-03-22T00:00:00Z;12056
2002-03-23T00:00:00Z;8466
2002-03-24T00:00:00Z;7314
2002-03-25T00:00:00Z;11292
2002-03-26T00:00:00Z;12562
2002-03-27T00:00:00Z;12353
2002-03-28T00:00:00Z;12265
2002-03-29T00:00:00Z;11324
2002-03-30T00:00:00Z;8177
2002-03-31T00:00:00Z;7019
2002-04-01T00:00:00Z;10090
2002-04-02T00:00:00Z;12560
2002-04-03T00:00:00Z;12147
2002-04-04T00:00:00Z;12061
2002-04-05T00:00:00Z;11812
2002-04-06T00:00:00Z;8191
2002-04-07T00:00:00Z;7008
2002-04-08T00:00:00Z;11478
2002-04-09T00:00:00Z;12465
2002-04-10T00:00:00Z;12188
2002-04-11T00:00:00Z;12040
2002-04-12T00:00:00Z;12070
2002-04-13T00:00:00Z;8345
2002-04-14T00:00:00Z;7482
2002-04-15T00:00:00Z;11220
2002-04-16T00:00:00Z;12586
2002-04-17T00:00:00Z;12271
2002-04-18T00:00:00Z;12219
2002-04-19T00:00:00Z;12054
2002-04-20T00:00:00Z;8113
2002-04-21T00:00:00Z;7205
2002-04-22T00:00:00Z;11365
2002-04-23T00:00:00Z;12255
2002-04-24T00:00:00Z;12066
2002-04-25T00:00:00Z;12249
2002-04-26T00:00:00Z;11737
2002-04-27T00:00:00Z;8127
2002-04-28T00:00:00Z;7417
2002-04-29T00:00:00Z;11230
2002-04-30T00:00:00Z;12381
2002-05-01T00:00:00Z;12080
2002-05-02T00:00:00Z;12157
2002-05-03T00:00:00Z;11923
2002-05-04T00:00:00Z;8104
2002-05-05T00:00:00Z;7338
2002-05-06T00:00:00Z;11167
2002-05-07T00:00:00Z;12265
2002-05-08T00:00:00Z;12082
2002-05-09T00:00:00Z;12035
2002-05-10T00:00:00Z;12140
2002-05-11T00:00:00Z;8216
2002-05-12T00:00:00Z;7370
2002-05-13T00:00:00Z;11235
2002-05-14T00:00:00Z;12655
2002-05-15T00:00:00Z;12489
2002-05-16T00:00:00Z;12374
2002-05-17T00:00:00Z;11963
2002-05-18T00:00:00Z;8420
2002-05-19T00:00:00Z;7358
2002-05-20T00:00:00Z;11568
2002-05-21T00:00:00Z;12675
2002-05-22T00:00:00Z;12463
2002-05-23T00:00:00Z;12871
2002-05-24T00:00:00Z;12569
2002-05-25T00:00:00Z;8374
2002-05-26T00:00:00Z;7221
2002-05-27T00:00:00Z;7667
2002-05-28T00:00:00Z;11923
2002-05-29T00:00:00Z;13213
2002-05-30T00:00:00Z;12738
2002-05-31T00:00:00Z;12354
2002-06-01T00:00:00Z;8410
2002-06-02T00:00:00Z;7469
2002-06-03T00:00:00Z;11273
2002-06-04T00:00:00Z;12391
2002-06-05T00:00:00Z;12433
2002-06-06T00:00:00Z;12478
2002-06-07T00:00:00Z;12067
2002-06-08T00:00:00Z;8392
2002-06-09T00:00:00Z;7401
2002-06-10T00:00:00Z;11664
2002-06-11T00:00:00Z;12464
2002-06-12T00:00:00Z;12499
2002-06-13T00:00:00Z;12253
2002-06-14T00:00:00Z;12364
2002-06-15T00:00:00Z;8593
2002-06-16T00:00:00Z;7575
2002-06-17T00:00:00Z;11482
2002-06-18T00:00:00Z;12898
2002-06-19T00:00:00Z;12350
2002-06-20T00:00:00Z;12633
2002-06-21T00:00:00Z;12163
2002-06-22T00:00:00Z;8576
2002-06-23T00:00:00Z;7557
2002-06-24T00:00:00Z;11724
2002-06-25T00:00:00Z;13168
2002-06-26T00:00:00Z;12850
2002-06-27T00:00:00Z;13102
2002-06-28T00:00:00Z;12779
2002-06-29T00:00:00Z;8841
2002-06-30T00:00:00Z;7739
2002-07-01T00:00:00Z;12397
2002-07-02T00:00:00Z;13862
2002-07-03T00:00:00Z;13393
2002-07-04T00:00:00Z;9346
2002-07-05T00:00:00Z;11131
2002-07-06T00:00:00Z;8715
2002-07-07T00:00:00Z;7951
2002-07-08T00:00:00Z;12060
2002-07-09T00:00:00Z;13556
2002-07-10T00:00:00Z;12998
2002-07-11T00:00:00Z;12974
2002-07-12T00:00:00Z;12505
2002-07-13T00:00:00Z;8778
2002-07-14T00:00:00Z;7781
2002-07-15T00:00:00Z;12176
2002-07-16T00:00:00Z;13352
2002-07-17T00:00:00Z;13070
2002-07-18T00:00:00Z;13183
2002-07-19T00:00:00Z;12668
2002-07-20T00:00:00Z;8684
2002-07-21T00:00:00Z;7823
2002-07-22T00:00:00Z;11949
2002-07-23T00:00:00Z;13318
2002-07-24T00:00:00Z;12969
2002-07-25T00:00:00Z;13191
2002-07-26T00:00:00Z;12745
2002-07-27T00:00:00Z;8924
2002-07-28T00:00:00Z;7812
2002-07-29T00:00:00Z;11961
2002-07-30T00:00:00Z;13342
2002-07-31T00:00:00Z;13055
2002-08-01T00:00:00Z;13042
2002-08-02T00:00:00Z;12850
2002-08-03T00:00:00Z;8857
2002-08-04T00:00:00Z;7689
2002-08-05T00:00:00Z;11938
2002-08-06T00:00:00Z;13155
2002-08-07T00:00:00Z;12764
2002-08-08T00:00:00Z;13130
2002-08-09T00:00:00Z;12664
2002-08-10T00:00:00Z;8929
2002-08-11T00:00:00Z;7869
2002-08-12T00:00:00Z;12110
2002-08-13T00:00:00Z;13284
2002-08-14T00:00:00Z;13028
2002-08-15T00:00:00Z;13277
2002-08-16T00:00:00Z;12892
2002-08-17T00:00:00Z;9138
2002-08-18T00:00:00Z;7812
2002-08-19T00:00:00Z;12040
2002-08-20T00:00:00Z;13460
2002-08-21T00:00:00Z;13069
2002-08-22T00:00:00Z;12964
2002-08-23T00:00:00Z;12934
2002-08-24T00:00:00Z;8932
2002-08-25T00:00:00Z;7833
2002-08-26T00:00:00Z;11966
2002-08-27T00:00:00Z;13504
2002-08-28T00:00:00Z;13109
2002-08-29T00:00:00Z;13143
2002-08-30T00:00:00Z;13054
2002-08-31T00:00:00Z;8981
2002-09-01T00:00:00Z;7840
2002-09-02T00:00:00Z;8085
2002-09-03T00:00:00Z;12325
2002-09-04T00:00:00Z;13675
2002-09-05T00:00:00Z;13751
2002-09-06T00:00:00Z;13399
2002-09-07T00:00:00Z;9238
2002-09-08T00:00:00Z;7956
2002-09-09T00:00:00Z;12619
2002-09-10T00:00:00Z;13644
2002-09-11T00:00:00Z;12371
2002-09-12T00:00:00Z;13982
2002-09-13T00:00:00Z;12786
2002-09-14T00:00:00Z;9258
2002-09-15T00:00:00Z;8331
2002-09-16T00:00:00Z;12520
2002-09-17T00:00:00Z;13883
2002-09-18T00:00:00Z;13655
2002-09-19T00:00:00Z;13620
2002-09-20T00:00:00Z;13455
2002-09-21T00:00:00Z;9436
2002-09-22T00:00:00Z;8091
2002-09-23T00:00:00Z;12564
2002-09-24T00:00:00Z;13884
2002-09-25T00:00:00Z;13228
2002-09-26T00:00:00Z;13211
2002-09-27T00:00:00Z;13047
2002-09-28T00:00:00Z;9120
2002-09-29T00:00:00Z;7842
2002-09-30T00:00:00Z;11998
2002-10-01T00:00:00Z;13296
2002-10-02T00:00:00Z;13164
2002-10-03T00:00:00Z;12778
2002-10-04T00:00:00Z;12582
2002-10-05T00:00:00Z;8783
2002-10-06T00:00:00Z;7671
2002-10-07T00:00:00Z;11747
2002-10-08T00:00:00Z;12802
2002-10-09T00:00:00Z;12417
2002-10-10T00:00:00Z;12433
2002-10-11T00:00:00Z;12271
2002-10-12T00:00:00Z;8334
2002-10-13T00:00:00Z;7326
2002-10-14T00:00:00Z;11312
2002-10-15T00:00:00Z;12513
2002-10-16T00:00:00Z;12363
2002-10-17T00:00:00Z;12222
2002-10-18T00:00:00Z;11968
2002-10-19T00:00:00Z;8391
2002-10-20T00:00:00Z;7256
2002-10-21T00:00:00Z;11473
2002-10-22T00:00:00Z;12921
2002-10-23T00:00:00Z;12380
2002-10-24T00:00:00Z;12447
2002-10-25T00:00:00Z;12276
2002-10-26T00:00:00Z;8303
2002-10-27T00:00:00Z;7591
2002-10-28T00:00:00Z;11603
2002-10-29T00:00:00Z;12561
2002-10-30T00:00:00Z;12023
2002-10-31T00:00:00Z;10607
2002-11-01T00:00:00Z;12335
2002-11-02T00:00:00Z;8364
2002-11-03T00:00:00Z;7380
2002-11-04T00:00:00Z;11526
2002-11-05T00:00:00Z;12604
2002-11-06T00:00:00Z;12349
2002-11-07T00:00:00Z;12378
2002-11-08T00:00:00Z;12211
2002-11-09T00:00:00Z;8454
2002-11-10T00:00:00Z;7561
2002-11-11T00:00:00Z;11310
2002-11-12T00:00:00Z;12422
2002-11-13T00:00:00Z;11833
2002-11-14T00:00:00Z;12205
2002-11-15T00:00:00Z;12016
2002-11-16T00:00:00Z;8157
2002-11-17T00:00:00Z;7167
2002-11-18T00:00:00Z;11554
2002-11-19T00:00:00Z;12462
2002-11-20T00:00:00Z;12254
2002-11-21T00:00:00Z;12431
2002-11-22T00:00:00Z;12726
2002-11-23T00:00:00Z;8417
2002-11-24T00:00:00Z;7526
2002-11-25T00:00:00Z;12198
2002-11-26T00:00:00Z;13064
2002-11-27T00:00:00Z;11245
2002-11-28T00:00:00Z;7262
2002-11-29T00:00:00Z;9155
2002-11-30T00:00:00Z;8007
2002-12-01T00:00:00Z;7286
2002-12-02T00:00:00Z;11563
2002-12-03T00:00:00Z;12980
2002-12-04T00:00:00Z;12396
2002-12-05T00:00:00Z;12343
2002-12-06T00:00:00Z;11560
2002-12-07T00:00:00Z;8362
2002-12-08T00:00:00Z;7190
2002-12-09T00:00:00Z;11313
2002-12-10T00:00:00Z;12544
2002-12-11T00:00:00Z;12311
2002-12-12T00:00:00Z;12533
2002-12-13T00:00:00Z;11378
2002-12-14T00:00:00Z;8274
2002-12-15T00:00:00Z;7364
2002-12-16T00:00:00Z;12061
2002-12-17T00:00:00Z;13102
2002-12-18T00:00:00Z;13252
2002-12-19T00:00:00Z;13342
2002-12-20T00:00:00Z;13690
2002-12-21T00:00:00Z;8934
2002-12-22T00:00:00Z;7460
2002-12-23T00:00:00Z;11135
2002-12-24T00:00:00Z;8929
2002-12-25T00:00:00Z;6629
2002-12-26T00:00:00Z;10903
2002-12-27T00:00:00Z;13332
2002-12-28T00:00:00Z;8953
2002-12-29T00:00:00Z;7892
2002-12-30T00:00:00Z;12906
2002-12-31T00:00:00Z;12339
2003-01-01T00:00:00Z;7783
2003-01-02T00:00:00Z;10863
2003-01-03T00:00:00Z;11965
2003-01-04T00:00:00Z;8374
2003-01-05T00:00:00Z;7365
2003-01-06T00:00:00Z;11220
2003-01-07T00:00:00Z;12398
2003-01-08T00:00:00Z;11872
2003-01-09T00:00:00Z;11828
2003-01-10T00:00:00Z;12303
2003-01-11T00:00:00Z;8334
2003-01-12T00:00:00Z;7214
2003-01-13T00:00:00Z;11017
2003-01-14T00:00:00Z;12651
2003-01-15T00:00:00Z;11870
2003-01-16T00:00:00Z;11897
2003-01-17T00:00:00Z;11855
2003-01-18T00:00:00Z;8300
2003-01-19T00:00:00Z;7366
2003-01-20T00:00:00Z;10842
2003-01-21T00:00:00Z;12052
2003-01-22T00:00:00Z;11835
2003-01-23T00:00:00Z;11892
2003-01-24T00:00:00Z;11890
2003-01-25T00:00:00Z;8241
2003-01-26T00:00:00Z;7295
2003-01-27T00:00:00Z;11231
2003-01-28T00:00:00Z;12363
2003-01-29T00:00:00Z;11851
2003-01-30T00:00:00Z;12062
2003-01-31T00:00:00Z;11774
2003-02-01T00:00:00Z;8538
2003-02-02T00:00:00Z;7515
2003-02-03T00:00:00Z;11311
2003-02-04T00:00:00Z;12305
2003-02-05T00:00:00Z;11786
2003-02-06T00:00:00Z;12144
2003-02-07T00:00:00Z;12195
2003-02-08T00:00:00Z;8459
2003-02-09T00:00:00Z;7396
2003-02-10T00:00:00Z;11771
2003-02-11T00:00:00Z;12700
2003-02-12T00:00:00Z;12339
2003-02-13T00:00:00Z;12086
2003-02-14T00:00:00Z;12807
2003-02-15T00:00:00Z;8730
2003-02-16T00:00:00Z;7568
2003-02-17T00:00:00Z;10522
2003-02-18T00:00:00Z;12403
2003-02-19T00:00:00Z;12395
2003-02-20T00:00:00Z;12320
2003-02-21T00:00:00Z;12435
2003-02-22T00:00:00Z;8767
2003-02-23T00:00:00Z;7582
2003-02-24T00:00:00Z;11677
2003-02-25T00:00:00Z;12595
2003-02-26T00:00:00Z;12136
2003-02-27T00:00:00Z;12437
2003-02-28T00:00:00Z;12329
2003-03-01T00:00:00Z;8500
2003-03-02T00:00:00Z;7438
2003-03-03T00:00:00Z;12491
2003-03-04T00:00:00Z;12638
2003-03-05T00:00:00Z;12264
2003-03-06T00:00:00Z;12419
2003-03-07T00:00:00Z;12259
2003-03-08T00:00:00Z;8528
2003-03-09T00:00:00Z;7300
2003-03-10T00:00:00Z;11456
2003-03-11T00:00:00Z;12693
2003-03-12T00:00:00Z;12278
2003-03-13T00:00:00Z;12127
2003-03-14T00:00:00Z;12582
2003-03-15T00:00:00Z;8485
2003-03-16T00:00:00Z;7387
2003-03-17T00:00:00Z;11718
2003-03-18T00:00:00Z;12697
2003-03-19T00:00:00Z;12374
2003-03-20T00:00:00Z;12506
2003-03-21T00:00:00Z;12446
2003-03-22T00:00:00Z;8372
2003-03-23T00:00:00Z;7303
2003-03-24T00:00:00Z;11487
2003-03-25T00:00:00Z;12819
2003-03-26T00:00:00Z;12324
2003-03-27T00:00:00Z;12403
2003-03-28T00:00:00Z;12317
2003-03-29T00:00:00Z;8579
2003-03-30T00:00:00Z;7399
2003-03-31T00:00:00Z;11331
2003-04-01T00:00:00Z;11754
2003-04-02T00:00:00Z;12739
2003-04-03T00:00:00Z;12380
2003-04-04T00:00:00Z;12453
2003-04-05T00:00:00Z;8371
2003-04-06T00:00:00Z;7181
2003-04-07T00:00:00Z;11554
2003-04-08T00:00:00Z;12813
2003-04-09T00:00:00Z;12172
2003-04-10T00:00:00Z;12485
2003-04-11T00:00:00Z;12176
2003-04-12T00:00:00Z;8380
2003-04-13T00:00:00Z;7130
2003-04-14T00:00:00Z;11599
2003-04-15T00:00:00Z;12799
2003-04-16T00:00:00Z;12701
2003-04-17T00:00:00Z;12716
2003-04-18T00:00:00Z;11576
2003-04-19T00:00:00Z;8077
2003-04-20T00:00:00Z;7057
2003-04-21T00:00:00Z;11303
2003-04-22T00:00:00Z;12474
2003-04-23T00:00:00Z;12361
2003-04-24T00:00:00Z;12297
2003-04-25T00:00:00Z;12049
2003-04-26T00:00:00Z;8213
2003-04-27T00:00:00Z;7342
2003-04-28T00:00:00Z;11460
2003-04-29T00:00:00Z;12430
2003-04-30T00:00:00Z;12064
2003-05-01T00:00:00Z;12526
2003-05-02T00:00:00Z;12297
2003-05-03T00:00:00Z;8366
2003-05-04T00:00:00Z;7481
2003-05-05T00:00:00Z;11814
2003-05-06T00:00:00Z;12884
2003-05-07T00:00:00Z;12447
2003-05-08T00:00:00Z;12664
2003-05-09T00:00:00Z;12522
2003-05-10T00:00:00Z;8594
2003-05-11T00:00:00Z;7484
2003-05-12T00:00:00Z;11943
2003-05-13T00:00:00Z;12455
2003-05-14T00:00:00Z;12635
2003-05-15T00:00:00Z;12896
2003-05-16T00:00:00Z;12662
2003-05-17T00:00:00Z;8536
2003-05-18T00:00:00Z;7505
2003-05-19T00:00:00Z;11811
2003-05-20T00:00:00Z;12993
2003-05-21T00:00:00Z;13139
2003-05-22T00:00:00Z;13199
2003-05-23T00:00:00Z;12965
2003-05-24T00:00:00Z;8678
2003-05-25T00:00:00Z;7598
2003-05-26T00:00:00Z;7825
2003-05-27T00:00:00Z;12163
2003-05-28T00:00:00Z;13619
2003-05-29T00:00:00Z;13277
2003-05-30T00:00:00Z;13034
2003-05-31T00:00:00Z;8742
2003-06-01T00:00:00Z;7570
2003-06-02T00:00:00Z;11835
2003-06-03T00:00:00Z;12824
2003-06-04T00:00:00Z;12616
2003-06-05T00:00:00Z;12647
2003-06-06T00:00:00Z;12617
2003-06-07T00:00:00Z;8559
2003-06-08T00:00:00Z;7493
2003-06-09T00:00:00Z;11743
2003-06-10T00:00:00Z;13102
2003-06-11T00:00:00Z;12931
2003-06-12T00:00:00Z;12883
2003-06-13T00:00:00Z;11821
2003-06-14T00:00:00Z;8594
2003-06-15T00:00:00Z;7571
2003-06-16T00:00:00Z;12229
2003-06-17T00:00:00Z;13144
2003-06-18T00:00:00Z;12903
2003-06-19T00:00:00Z;12752
2003-06-20T00:00:00Z;12496
2003-06-21T00:00:00Z;8623
2003-06-22T00:00:00Z;7642
2003-06-23T00:00:00Z;12012
2003-06-24T00:00:00Z;13333
2003-06-25T00:00:00Z;13267
2003-06-26T00:00:00Z;13106
2003-06-27T00:00:00Z;12678
2003-06-28T00:00:00Z;8714
2003-06-29T00:00:00Z;7648
2003-06-30T00:00:00Z;12072
2003-07-01T00:00:00Z;13682
2003-07-02T00:00:00Z;13577
2003-07-03T00:00:00Z;13247
2003-07-04T00:00:00Z;9364
2003-07-05T00:00:00Z;8209
2003-07-06T00:00:00Z;7789
2003-07-07T00:00:00Z;12407
2003-07-08T00:00:00Z;13626
2003-07-09T00:00:00Z;13286
2003-07-10T00:00:00Z;13381
2003-07-11T00:00:00Z;12878
2003-07-12T00:00:00Z;8776
2003-07-13T00:00:00Z;7867
2003-07-14T00:00:00Z;12068
2003-07-15T00:00:00Z;13434
2003-07-16T00:00:00Z;13224
2003-07-17T00:00:00Z;13444
2003-07-18T00:00:00Z;13013
2003-07-19T00:00:00Z;8787
2003-07-20T00:00:00Z;7954
2003-07-21T00:00:00Z;12241
2003-07-22T00:00:00Z;13522
2003-07-23T00:00:00Z;13312
2003-07-24T00:00:00Z;13355
2003-07-25T00:00:00Z;12825
2003-07-26T00:00:00Z;8862
2003-07-27T00:00:00Z;7740
2003-07-28T00:00:00Z;12262
2003-07-29T00:00:00Z;13562
2003-07-30T00:00:00Z;13295
2003-07-31T00:00:00Z;13237
2003-08-01T00:00:00Z;13001
2003-08-02T00:00:00Z;8740
2003-08-03T00:00:00Z;7702
2003-08-04T00:00:00Z;12031
2003-08-05T00:00:00Z;13437
2003-08-06T00:00:00Z;13123
2003-08-07T00:00:00Z;13315
2003-08-08T00:00:00Z;13145
2003-08-09T00:00:00Z;9109
2003-08-10T00:00:00Z;7852
2003-08-11T00:00:00Z;12053
2003-08-12T00:00:00Z;13698
2003-08-13T00:00:00Z;12955
2003-08-14T00:00:00Z;13152
2003-08-15T00:00:00Z;13011
2003-08-16T00:00:00Z;9189
2003-08-17T00:00:00Z;8018
2003-08-18T00:00:00Z;12243
2003-08-19T00:00:00Z;13561
2003-08-20T00:00:00Z;13196
2003-08-21T00:00:00Z;13339
2003-08-22T00:00:00Z;13222
2003-08-23T00:00:00Z;9071
2003-08-24T00:00:00Z;7858
2003-08-25T00:00:00Z;12411
2003-08-26T00:00:00Z;13723
2003-08-27T00:00:00Z;13594
2003-08-28T00:00:00Z;13839
2003-08-29T00:00:00Z;13547
2003-08-30T00:00:00Z;9225
2003-08-31T00:00:00Z;7743
2003-09-01T00:00:00Z;8059
2003-09-02T00:00:00Z;12389
2003-09-03T00:00:00Z;14119
2003-09-04T00:00:00Z;13870
2003-09-05T00:00:00Z;13616
2003-09-06T00:00:00Z;9257
2003-09-07T00:00:00Z;8064
2003-09-08T00:00:00Z;12504
2003-09-09T00:00:00Z;13615
2003-09-10T00:00:00Z;13908
2003-09-11T00:00:00Z;12932
2003-09-12T00:00:00Z;13621
2003-09-13T00:00:00Z;9444
2003-09-14T00:00:00Z;8415
2003-09-15T00:00:00Z;12846
2003-09-16T00:00:00Z;14145
2003-09-17T00:00:00Z;13686
2003-09-18T00:00:00Z;13781
2003-09-19T00:00:00Z;13325
2003-09-20T00:00:00Z;9522
2003-09-21T00:00:00Z;8383
2003-09-22T00:00:00Z;12766
2003-09-23T00:00:00Z;14036
2003-09-24T00:00:00Z;13578
2003-09-25T00:00:00Z;13651
2003-09-26T00:00:00Z;13600
2003-09-27T00:00:00Z;9039
2003-09-28T00:00:00Z;8060
2003-09-29T00:00:00Z;12291
2003-09-30T00:00:00Z;13122
2003-10-01T00:00:00Z;13138
2003-10-02T00:00:00Z;13383
2003-10-03T00:00:00Z;13013
2003-10-04T00:00:00Z;8876
2003-10-05T00:00:00Z;7653
2003-10-06T00:00:00Z;11912
2003-10-07T00:00:00Z;13241
2003-10-08T00:00:00Z;13237
2003-10-09T00:00:00Z;13047
2003-10-10T00:00:00Z;13058
2003-10-11T00:00:00Z;8620
2003-10-12T00:00:00Z;7713
2003-10-13T00:00:00Z;11272
2003-10-14T00:00:00Z;12995
2003-10-15T00:00:00Z;12690
2003-10-16T00:00:00Z;12499
2003-10-17T00:00:00Z;12404
2003-10-18T00:00:00Z;8432
2003-10-19T00:00:00Z;7454
2003-10-20T00:00:00Z;11817
2003-10-21T00:00:00Z;13032
2003-10-22T00:00:00Z;12780
2003-10-23T00:00:00Z;12568
2003-10-24T00:00:00Z;12325
2003-10-25T00:00:00Z;8444
2003-10-26T00:00:00Z;7696
2003-10-27T00:00:00Z;11745
2003-10-28T00:00:00Z;13173
2003-10-29T00:00:00Z;12705
2003-10-30T00:00:00Z;12359
2003-10-31T00:00:00Z;10767
2003-11-01T00:00:00Z;8342
2003-11-02T00:00:00Z;7568
2003-11-03T00:00:00Z;12200
2003-11-04T00:00:00Z;13060
2003-11-05T00:00:00Z;12761
2003-11-06T00:00:00Z;12564
2003-11-07T00:00:00Z;12291
2003-11-08T00:00:00Z;8575
2003-11-09T00:00:00Z;7341
2003-11-10T00:00:00Z;11890
2003-11-11T00:00:00Z;12917
2003-11-12T00:00:00Z;12463
2003-11-13T00:00:00Z;12206
2003-11-14T00:00:00Z;12219
2003-11-15T00:00:00Z;8163
2003-11-16T00:00:00Z;7375
2003-11-17T00:00:00Z;11723
2003-11-18T00:00:00Z;12994
2003-11-19T00:00:00Z;12658
2003-11-20T00:00:00Z;12710
2003-11-21T00:00:00Z;12770
2003-11-22T00:00:00Z;8473
2003-11-23T00:00:00Z;7249
2003-11-24T00:00:00Z;12803
2003-11-25T00:00:00Z;13399
2003-11-26T00:00:00Z;11767
2003-11-27T00:00:00Z;7224
2003-11-28T00:00:00Z;9271
2003-11-29T00:00:00Z;7913
2003-11-30T00:00:00Z;7205
2003-12-01T00:00:00Z;11973
2003-12-02T00:00:00Z;13122
2003-12-03T00:00:00Z;12884
2003-12-04T00:00:00Z;12372
2003-12-05T00:00:00Z;11901
2003-12-06T00:00:00Z;8132
2003-12-07T00:00:00Z;7241
2003-12-08T00:00:00Z;11496
2003-12-09T00:00:00Z;12699
2003-12-10T00:00:00Z;12470
2003-12-11T00:00:00Z;12242
2003-12-12T00:00:00Z;12237
2003-12-13T00:00:00Z;8150
2003-12-14T00:00:00Z;7337
2003-12-15T00:00:00Z;12064
2003-12-16T00:00:00Z;13350
2003-12-17T00:00:00Z;13106
2003-12-18T00:00:00Z;13594
2003-12-19T00:00:00Z;13434
2003-12-20T00:00:00Z;8795
2003-12-21T00:00:00Z;7547
2003-12-22T00:00:00Z;12967
2003-12-23T00:00:00Z;12598
2003-12-24T00:00:00Z;9096
2003-12-25T00:00:00Z;6628
2003-12-26T00:00:00Z;10218
2003-12-27T00:00:00Z;8646
2003-12-28T00:00:00Z;7645
2003-12-29T00:00:00Z;12823
2003-12-30T00:00:00Z;14438
2003-12-31T00:00:00Z;12374
